variant,agent,n,reported_mean,ledger_mean,max_abs_gap_pp,reported_positive_while_ledger_below_minus100,settlement_share
L0_strict,anchor,2,0.49224577475043274,0.49256413084800554,0.0005397100859783066,0,1.0
L0_strict,feasible,20,0.4296633452381526,0.4891826705495772,0.10961807008791347,0,1.0
L0_strict,marl,20,-0.14024964763419578,-0.08054616027569128,0.10988915697059953,0,1.0
L0_strict,marl_trained_price_taker,6,-0.05838868549008317,0.003989724080290709,0.10793679691700753,0,1.0
L1_price_taker,anchor,2,316.8363107733427,317.3433339679214,0.7215735766770308,0,1.0
L1_price_taker,feasible,20,282.45319377498583,282.9669736697698,1.2636305575691722,0,1.0
L1_price_taker,marl,20,-97.12882614327617,-96.89860447094219,0.5578748063713164,0,1.0
L1_price_taker,marl_trained_price_taker,6,-96.18403153298813,-95.9646294189796,0.32936454552974226,0,1.0
L2_no_solvency,anchor,2,0.49224577475043274,0.49256413084800554,0.0005397100859783066,0,1.0
L2_no_solvency,feasible,20,0.4296633452381526,0.4891826705495772,0.10961807008791347,0,1.0
L2_no_solvency,marl,20,-0.14024964763419578,-0.08054616027569128,0.10988915697059953,0,1.0
L3_price_taker_no_solvency,anchor,2,316.8363107733427,317.3433339679214,0.7215735766770308,0,1.0
L3_price_taker_no_solvency,feasible,20,282.45319377498583,282.9669736697698,1.2636305575691722,0,1.0
L3_price_taker_no_solvency,marl,20,-0.20379779554337513,-1977.737674406509,3359.147516777875,13,1.0
L4_load_proxy_liquidity,anchor,2,80.75913050348542,80.85548558139149,0.09953440537020697,0,1.0
L4_load_proxy_liquidity,feasible,6,79.31444926700964,79.47132669719055,0.2059872938848315,0,1.0
L4_load_proxy_liquidity,marl,6,-14.415500024033088,-14.184322105781781,0.2795086211155198,0,1.0
L5_percent_payoff,anchor,2,-0.01797514611308615,-0.01808226704549387,0.00011133986632660964,0,0.0
L5_percent_payoff,marl,6,-95.91080442923946,-95.65477004500339,0.5066712255884909,0,1.0
L6_interpolated_prices,anchor,2,0.33937779944885893,0.33971768348347586,0.0005643589514825464,0,1.0
L6_interpolated_prices,feasible,6,0.26348334725857886,0.33938091491398187,0.1347641345266659,0,1.0
L6_interpolated_prices,marl,6,-0.2606787666962392,-0.1845888687385148,0.13487964643532635,0,1.0
L7_minus_interp,anchor,2,-82.648204882952,-82.55467468415611,0.10724364449635004,0,0.0
L7_minus_interp,marl,6,533.277303119477,-2817.7553258291396,6588.302549900661,0,0.0
L7_minus_legacy_fee,anchor,2,-38.7151167287078,-38.565374911236276,0.1686313827175212,0,0.0
L7_minus_legacy_fee,marl,6,277.7936401401061,-440.04372629713845,1286.4856778967057,0,0.0
L7_minus_no_solvency,anchor,2,-15.509963180189578,-15.495017852822102,0.02294822807300534,0,0.0
L7_minus_no_solvency,marl,6,-95.15609728372227,-94.83522876000147,0.42040392269441895,0,0.0
L7_minus_percent_mtm,anchor,2,100.87566307799804,101.21872031419335,0.37984790187749695,0,1.0
L7_minus_percent_mtm,marl,6,437.471949823715,-2980.1649026620253,4050.419596927416,6,1.0
L7_minus_price_taker,anchor,2,-0.24143414571957678,-0.10125725711627731,0.14415486576424552,0,0.0
L7_minus_price_taker,marl,6,-0.24649356281059762,-0.029893931062050887,0.28025610607433915,0,0.0
L7_minus_sweeper,anchor,2,-38.7151167287078,-38.565374911236276,0.1686313827175212,0,0.0
L7_minus_sweeper,marl,6,417.84313885410893,-300.0131766080751,1286.4856778967057,0,0.0
L7_thesis_like,anchor,2,-38.7151167287078,-38.565374911236276,0.1686313827175212,0,0.0
L7_thesis_like,feasible,6,-37.92505844249799,-37.71483271420197,0.28521927701085303,0,0.0
L7_thesis_like,marl,20,195.8220543143054,-482.75102099517653,1316.685445542437,0,0.0
L8_pctmtm_nosolv,anchor,2,-0.4630623877538542,-0.32200334377012196,0.1441562575796973,0,0.0
L8_pctmtm_nosolv,marl,6,-0.26900684789943713,-0.06545398828829614,0.25672179011653196,0,0.0
