variant,agent,seed,region,l0_source,fund_return_pct,fund_10min_sharpe,sleeve_return_pct,sleeve_ruined,sleeve_max_dd_pct,mismatch_allowed,investor_return_pct,investor_max_dd_pct,investor_min_equity_pct,investor_daily_sharpe,investor_daily_sharpe_ex_top3,path_ruined,settlement_share_of_booked_pnl,sleeve_cash_floor_hit,long_share,short_share
L0_strict,anchor,7,original,audit_rerun,8.225491928774398,175.52434002607447,0.5027378581913489,False,0.08362405298656952,False,0.5032775682773272,0.08351914311188757,-0.00017320505431017708,3.703197907027534,4.246310007955245,False,1.0,False,0.18478288519752742,0.4541985703747043
L0_strict,anchor,7,v2,audit_rerun,8.50845728086802,175.9716234278086,0.4817536913095166,False,0.014814907168624,False,0.4818506934186839,0.014803040973898618,-0.00019343596310283928,2.6136399698025863,5.991651869753149,False,1.0,False,0.1840451781943985,0.4769402966090916
L0_strict,feasible,7,original,audit_rerun,8.22581157261515,175.77882904750905,0.50540155687675,False,0.08380589825416858,False,0.5059391817646031,0.08370145071041613,-0.0001732577419422121,3.7150423309646037,4.232567621115244,False,1.0,False,0.18491007606013585,0.4541985703747043
L0_strict,feasible,7,v2,audit_rerun,8.507737610778099,176.3108527658943,0.47575644053270416,False,0.014830122315347836,False,0.4758526292937715,0.01481827756485421,-0.00019343596283638576,2.645667113624401,5.981810019903466,False,1.0,False,0.1840451781943985,0.4770674874717
L0_strict,marl_trained_price_taker,123,original,audit_rerun,8.166148883243341,172.14904612891448,0.008214037166287547,False,0.11334224339351244,True,0.09135247252387568,0.10848141378896337,-0.10322972776313222,0.7221019785824249,0.3084460811667033,False,1.0,False,0.5596652336496146,0.4401821373152553
L0_strict,marl_trained_price_taker,123,v2,audit_rerun,8.434690183226401,174.48456234535507,-0.1329703690968742,False,0.1362799910249068,True,-0.05829410443976002,0.12330440044253654,-0.11258136514423756,-1.6888295152168706,-0.742695206451455,False,1.0,False,0.5634809595278675,0.4363664114370024
L0_strict,marl_trained_price_taker,42,original,audit_rerun,8.11186330639384,171.3753328181756,-0.444164225437671,False,0.5196187394325085,True,-0.33622742852066345,0.4164559609782348,-0.3560498959733538,-2.048806405463138,-1.547390782043069,False,1.0,False,0.12393477652565439,0.8759125944392155
L0_strict,marl_trained_price_taker,42,v2,audit_rerun,8.427897563767006,174.83828798562203,-0.18957377740841386,False,0.19387735673886944,True,-0.0820550424127986,0.15982387962191202,-0.15789827285452862,-1.924814151337562,-1.1114761854891868,False,1.0,False,0.13003993793085905,0.8698074330340109
L0_strict,marl_trained_price_taker,7,original,audit_rerun,8.200559103607997,173.30730328813388,0.29496431418236657,False,0.1050963999883814,True,0.29576923692118395,0.10500025252521139,-0.004444333759123786,1.9971928633315466,1.3305468235284519,False,1.0,False,0.5135712650403195,0.4862761059245504
L0_strict,marl_trained_price_taker,7,v2,audit_rerun,8.464230587032763,176.33247969082709,0.11319790765380588,False,0.10681709441124097,True,0.11339321040990669,0.10681125325390228,-3.311128476957137e-05,3.0267664259113203,1.9414069475761866,False,1.0,False,0.5179975070590929,0.481849863905777
L0_strict,marl,7,original,audit_rerun,8.135225320747752,171.79034912914497,-0.24948387882405276,False,0.38545651208302417,False,-0.2486810416788665,0.3847067955934702,-0.2798630576982819,-1.6076348353713072,-1.455004458049216,False,1.0,False,0.06242527536821755,0.9374220955966523
L0_strict,marl,7,v2,audit_rerun,8.422894253652968,176.04958328695756,-0.23127153876237871,False,0.2692780597057246,False,-0.2310763007291161,0.269142906395059,-0.256128653621035,-1.2570047509267652,-1.1584850694457103,False,1.0,False,0.05891480756022487,0.940932563404645
L1_price_taker,anchor,7,original,audit_rerun,26.66626274992987,5.48564046427769,154.17582874135226,False,12.857140376930086,True,154.46830155383267,12.846115824239456,-0.008068305160535694,3.6652897857063076,4.782399561472712,False,1.0,False,0.18948894711403932,0.46004935005469205
L1_price_taker,anchor,7,v2,audit_rerun,65.99026171014613,6.517991524296928,479.4967928053331,False,12.52631928190847,True,480.2183663820101,12.521822271672978,-0.012683027772764088,5.495574897512033,6.347036844390436,False,1.0,False,0.18048383404136248,0.4869883747551576
L1_price_taker,feasible,10001,original,audit_rerun,27.103877462478955,5.151847645506006,157.82262607625546,False,14.03184053730373,True,158.2520811910014,14.014152573907602,-0.0010972568538880623,3.4875825596991894,4.629091800963722,False,1.0,False,0.18435043626465875,0.4554450408282669
L1_price_taker,feasible,10001,v2,audit_rerun,69.41235704798648,6.182350187025969,508.0142754683037,False,13.234432712669278,True,508.9152350180279,13.226892919513645,-0.013328354760389072,5.270245862143029,6.143735334164409,False,1.0,False,0.176388288265371,0.48564015161150825
L1_price_taker,feasible,11202,original,audit_rerun,18.00823671841545,5.317471034081638,82.02561148018903,False,11.937736145677464,True,82.19255289698187,11.929510143910449,-0.0006680425537086698,2.9451231840154253,3.791156090090309,False,1.0,False,0.1931774821296838,0.4325506855587495
L1_price_taker,feasible,11202,v2,audit_rerun,38.3036406079158,6.598139274948751,248.77494922547294,False,8.952171373911737,True,249.1413956941817,8.941883095427839,-0.005354759575604273,5.266911706240329,5.5728298667138025,False,1.0,False,0.17811808399684567,0.46406858131311846
L1_price_taker,feasible,123,original,audit_rerun,32.39398877131454,5.073991584309789,201.90688385050967,False,14.783660628204684,True,202.38779598303083,14.766062585795037,-0.0006247559006244963,3.5299759145245786,4.664340728917251,False,1.0,False,0.1869705680343924,0.4578107908727837
L1_price_taker,feasible,123,v2,audit_rerun,80.3251617583294,6.015765307873878,598.9543060470294,False,13.224953925414393,True,600.0275619115677,13.202334346488353,-0.00451834309300736,5.120145294882255,5.9578039025895695,False,1.0,False,0.18272239322327083,0.477881508992394
L1_price_taker,feasible,2025,original,audit_rerun,16.29986554752625,6.839973688277251,67.78919022748569,False,10.312707109291457,True,67.98558291218266,10.303980332513895,-0.001098502233420895,3.4654588276971037,4.567675604776087,False,1.0,False,0.18234082063544554,0.4360611533667421
L1_price_taker,feasible,2025,v2,audit_rerun,29.055996570174457,9.346640128107026,171.71125811224059,False,4.735469913273667,True,172.00668114860886,4.7255864425724265,-0.00456361255426474,6.458596384506126,6.567626740423785,False,1.0,False,0.17979700338327695,0.45737834193991506
L1_price_taker,feasible,3007,original,audit_rerun,34.85610203037195,4.760419063771042,222.42449978880435,False,15.694563521331823,True,222.93734421501887,15.676260754391969,-0.001121605056264574,3.3727421859135425,4.365595860266164,False,1.0,False,0.18623286103126352,0.4588028796011295
L1_price_taker,feasible,3007,v2,audit_rerun,93.79827092077788,5.81555238786489,711.2302324898438,False,14.884443674037055,True,712.493863047413,14.858726009146084,-0.004207571810710409,4.966996903814006,5.646096878492115,False,1.0,False,0.1818829335300552,0.477474498232047
L1_price_taker,feasible,42,original,audit_rerun,23.86532033543338,6.006467968599839,130.83464905108292,False,10.215934201735156,True,131.14063376626098,10.20548962976674,-0.0121458973661559,3.9977189156302377,5.829435346274219,False,1.0,False,0.17834702754954085,0.4530792907837501
L1_price_taker,feasible,42,v2,audit_rerun,55.09112737964508,7.480584922651881,388.67069015266605,False,9.51629101111473,True,389.209128856368,9.511927650893037,-0.015770287889371737,6.555491219389882,6.5309695037089766,False,1.0,False,0.17837246572206253,0.47432016483935796
L1_price_taker,feasible,5001,original,audit_rerun,21.73265609441506,5.1594354045481845,113.06243975628215,False,12.92017323835071,True,113.29716896660051,12.909982483548422,-0.0013162164590352354,3.149864974626456,3.62858939842159,False,1.0,False,0.1857240975808298,0.45592836610617893
L1_price_taker,feasible,5001,v2,audit_rerun,54.63743559517975,7.0899460617630465,384.88990807877383,False,9.155905226081062,True,385.4388187397962,9.14406039524016,-0.004194035595994627,5.927493051291552,6.615910720709595,False,1.0,False,0.18132329373457812,0.4674518582585027
L1_price_taker,feasible,7,original,audit_rerun,19.341826162733568,5.575296534699865,93.13885690062524,False,9.935357178451785,True,93.35241991982693,9.926966103364887,-0.0013074320523220884,3.219702013445389,4.5227950765079115,False,1.0,False,0.1972221515606319,0.46663783673780873
L1_price_taker,feasible,7,v2,audit_rerun,40.77430249587557,6.447481160252836,269.363798386509,False,11.993562823318477,True,269.79278830294874,11.98730966394982,-0.005021221156997768,5.116191204794394,6.474895393909826,False,1.0,False,0.1850118287502226,0.4877515199308082
L1_price_taker,feasible,8102,original,audit_rerun,33.92235716305105,5.350494081504543,214.64328737232333,False,13.7576306512279,True,215.1114211041904,13.75029749545542,-0.012951321036136498,3.826603424347124,4.818311139417456,False,1.0,False,0.185546030373178,0.45898094680878126
L1_price_taker,feasible,8102,v2,audit_rerun,88.06433620689604,6.186691599634759,663.4474278824794,False,13.286769025332992,True,664.5510003318822,13.265687845127506,-0.020567783283698127,5.242865848389434,5.903191908008555,False,1.0,False,0.17794001678919386,0.4797384955864771
L1_price_taker,feasible,9005,original,audit_rerun,22.022712356372853,6.684720241352221,115.47958200903548,False,8.742038649980593,True,115.76311277362889,8.737591942792333,-0.005775172611621748,4.2091084802688075,5.686994963309996,False,1.0,False,0.18083996845666608,0.4611177533006029
L1_price_taker,feasible,9005,v2,audit_rerun,45.036173338453,7.630032040707343,304.8794031438043,False,8.924519718126747,True,305.34288661587794,8.920391742695644,-0.008082762723304882,6.372344282570644,7.08214575011153,False,1.0,False,0.18961613797664775,0.4754648826028338
L1_price_taker,marl_trained_price_taker,123,original,audit_rerun,-3.2651182160417402,-2.344480364501158,-95.25234704830784,True,95.252545245221,True,-94.9229825027781,94.92298247942483,-94.9229825027781,-2.671377732965205,-2.7351932972416515,False,1.0,False,0.03223016458497621,0.003052580702602325
L1_price_taker,marl_trained_price_taker,123,v2,audit_rerun,-3.1565143928355854,-2.982837599913835,-96.72634397912631,True,96.72661806172039,True,-96.46755054071797,96.46755052446942,-96.46755054071797,-2.5135993463018167,-2.6417591025428955,True,1.0,False,0.025209228968990867,0.001984177456691511
L1_price_taker,marl_trained_price_taker,42,original,audit_rerun,-3.437268194253895,-2.191257256098062,-96.68693017735976,True,96.82783918494903,True,-96.43684990763765,96.58887940950665,-96.43684990763765,-2.0584004753937912,-2.080064989772521,True,1.0,False,0.0,0.015898857826053776
L1_price_taker,marl_trained_price_taker,42,v2,audit_rerun,-3.201841113811432,-2.063435121524198,-97.10406661138126,True,97.31306171475187,True,-96.85933696625116,97.08668448645004,-96.85933696625116,-2.1083072503943026,-2.1164227355995586,True,1.0,False,0.000610516140520465,0.014983083615273078
L1_price_taker,marl_trained_price_taker,7,original,audit_rerun,-3.2370159027127476,-3.322089812946633,-95.01816117691175,True,95.04763937722723,True,-94.89808881188044,94.92911175051772,-94.89808881188044,-2.350659932556389,-2.528865833076178,False,1.0,False,0.004146422121034825,0.019231258426394646
L1_price_taker,marl_trained_price_taker,7,v2,audit_rerun,-3.1073139332399524,-3.0615164781179818,-96.31634020484194,True,96.38954309860337,True,-96.20296778461224,96.27930417996146,-96.20296778461224,-2.2129889604077295,-2.306000562878641,True,1.0,False,0.005342016229554069,0.016204115896314007
L1_price_taker,marl,10001,original,audit_rerun,-3.3286614945480686,-2.276678030629611,-95.78187431406732,True,95.92128877849997,True,-95.54034503947516,95.68845511147548,-95.54034503947516,-2.009507088930548,-2.064404681206137,True,1.0,False,2.5438172521686044e-05,0.016051486861183892
L1_price_taker,marl,10001,v2,audit_rerun,-3.089785408642831,-2.1154666203444954,-96.17026903117376,True,96.37764429147433,True,-95.92694611791728,96.14851520039855,-95.92694611791728,-2.068226830702934,-2.144465887670371,True,1.0,False,2.5438172521686044e-05,0.01574622879092366
L1_price_taker,marl,11202,original,audit_rerun,-3.271224541261697,-2.1418399947566993,-95.3032331661309,True,95.3422649428005,True,-95.16051526956096,95.20158190789026,-95.16051526956096,-2.0984413069455243,-2.1158698342033406,True,1.0,False,0.0,0.01574622879092366
L1_price_taker,marl,11202,v2,audit_rerun,-3.2666024669735116,-2.103953976221848,-97.64374465872748,True,97.72931980028325,True,-97.49909114684473,97.59073030478397,-97.49909114684473,-2.22082950133225,-2.2381978753112124,True,1.0,False,0.0,0.015440970720663428
L1_price_taker,marl,123,original,audit_rerun,-3.484465907556089,-2.2046394949509485,-97.08024451452721,True,97.11397506922506,True,-96.84188565356594,96.87901301755718,-96.84188565356594,-2.124864732764902,-2.110123494152675,True,1.0,False,0.0,0.015593599755793544
L1_price_taker,marl,123,v2,audit_rerun,-3.4834403303644623,-2.194656060625684,-99.45072685230517,True,99.47144055386046,True,-99.2228192890627,99.25205425370119,-99.2228192890627,-2.2188874931802984,-2.2273174194190313,True,1.0,False,0.0,0.015440970720663428
L1_price_taker,marl,2025,original,audit_rerun,-3.323316639404117,-1.2599579143646984,-95.73733385293929,True,96.78643804075915,True,-95.32301917422565,96.47762605985798,-95.32301917422565,-1.0525583164599897,-1.5549401381377552,True,1.0,False,0.03848795502531098,0.0009157742107806975
L1_price_taker,marl,2025,v2,audit_rerun,-3.173841897446883,-1.4651380312777607,-96.87073979906418,True,97.15252828774294,True,-96.5469220048578,96.86090844525941,-96.5469220048578,-1.2930769097756232,-1.4513747356423423,True,1.0,False,0.032382793620106334,0.0003052580702602325
L1_price_taker,marl,3007,original,audit_rerun,-3.450793404525576,-1.4038582446905197,-96.79964026699345,True,96.79986643808492,True,-96.36996701422073,96.36996699752332,-96.36996701422073,-1.3304160902375597,-1.9161251716680212,True,1.0,False,0.0377248098496604,0.0
L1_price_taker,marl,3007,v2,audit_rerun,-2.968453455326392,-1.7445736086457948,-95.15916937999337,True,95.15941174863592,True,-94.83717468577797,94.83717466203001,-94.83717468577797,-1.4138786424740661,-2.0802960648343793,False,1.0,False,0.03009335809315459,0.0
L1_price_taker,marl,42,original,audit_rerun,-3.65119578828359,-1.294364979812902,-98.4696601914482,True,98.77606099395973,True,-98.01084637729154,98.41178901811998,-98.01084637729154,-1.0218123596236013,-1.518660644807252,True,1.0,False,0.023682938617689706,0.016026048688662208
L1_price_taker,marl,42,v2,audit_rerun,-3.118681261972578,-0.919461234610764,-96.41106781849771,True,96.8643451614572,True,-95.8531930121264,96.38184951178245,-95.8531930121264,-1.1407548008828483,-1.7669655671888103,True,1.0,False,0.035893261428099,0.01984177456691511
L1_price_taker,marl,5001,original,audit_rerun,-3.8215320112360507,-2.0864575092986772,-99.88912877034473,True,99.88912877034473,True,-99.67648346302676,99.67648346153865,-99.67648346302676,-2.3176027941029815,-1.8371691421721834,True,1.0,False,0.022131210093866857,0.024776780036122204
L1_price_taker,marl,5001,v2,audit_rerun,-3.005577763351708,-3.4457008949253263,-95.46853878520689,True,95.4685387852069,True,-95.35029554184028,95.35029552045258,-95.35029554184028,-3.0603404190593615,-3.0326643999619773,True,1.0,False,0.014805016407621276,0.010429650733891278
L1_price_taker,marl,7,original,audit_rerun,-3.562410035988073,-2.259234220196744,-97.72977896667892,True,97.80286914647924,True,-97.57649960141202,97.65505316857225,-97.57649960141202,-2.085141269748726,-2.0792350083135602,True,1.0,False,0.0,0.01574622879092366
L1_price_taker,marl,7,v2,audit_rerun,-3.294637688321067,-2.1373769351676675,-97.87737150436507,True,98.00149199139351,True,-97.72851602074346,97.86206908425635,-97.72851602074346,-2.168684466563355,-2.1525035462125817,True,1.0,False,0.0,0.015440970720663428
L1_price_taker,marl,8102,original,audit_rerun,-3.4866782003677432,-2.209847962490387,-97.09868028833021,True,97.15617226744541,True,-96.8709469032311,96.93377309519308,-96.8709469032311,-2.1081079138678,-2.0827907717807155,True,1.0,False,0.0,0.015593599755793544
L1_price_taker,marl,8102,v2,audit_rerun,-3.54935310662563,-2.2708649082187606,-100.0,True,100.0,True,-100.51410201742878,100.49599952190225,-100.51410201742878,-2.2329950180143125,-2.234584214129958,True,1.0,True,0.0,0.015440970720663428
L1_price_taker,marl,9005,original,audit_rerun,-3.4170782798273236,-2.194967846565109,-96.51868088444661,True,96.65665471207295,True,-96.26238507545212,96.41112981341153,-96.26238507545212,-2.0641107883212335,-2.051758324037409,True,1.0,False,0.0,0.01574622879092366
L1_price_taker,marl,9005,v2,audit_rerun,-3.2033498988196407,-2.0944301968550296,-97.116639820283,True,97.30254071890322,True,-96.86013601078247,97.0635349906272,-96.86013601078247,-2.1489027874199986,-2.1283311851032356,True,1.0,False,0.0,0.015440970720663428
L2_no_solvency,anchor,7,original,audit_rerun,8.225491928774398,175.52434002607447,0.5027378581913489,False,0.08362405298656952,True,0.5032775682773272,0.08351914311188757,-0.00017320505431017708,3.703197907027534,4.246310007955245,False,1.0,False,0.18478288519752742,0.4541985703747043
L2_no_solvency,anchor,7,v2,audit_rerun,8.50845728086802,175.9716234278086,0.4817536913095166,False,0.014814907168624,True,0.4818506934186839,0.014803040973898618,-0.00019343596310283928,2.6136399698025863,5.991651869753149,False,1.0,False,0.1840451781943985,0.4769402966090916
L2_no_solvency,feasible,10001,original,audit_rerun,8.209920953253391,175.92901816877531,0.3729828609880137,False,0.0917392705950911,True,0.4824790518735078,0.08306142658910387,-0.00017323856774664748,3.6379189656007944,4.195385186044562,False,1.0,False,0.18491007606013585,0.4541985703747043
L2_no_solvency,feasible,10001,v2,audit_rerun,8.494152763037999,175.93383330199225,0.3625529051406895,False,0.028013709913771053,True,0.47168611662709026,0.014877380477162916,-0.0001934359696420529,2.618539521730588,5.962594526378107,False,1.0,False,0.1840451781943985,0.4769402966090916
L2_no_solvency,feasible,11202,original,audit_rerun,8.225827615608683,175.5864037068861,0.5055352484899966,False,0.08168272585224372,True,0.5062741109916891,0.0815884405565237,-0.00017322894687588075,3.744879798834325,4.275733299455165,False,1.0,False,0.18491007606013585,0.4541985703747043
L2_no_solvency,feasible,11202,v2,audit_rerun,8.508373228229015,175.98091695001628,0.48105325264795606,False,0.014818681260198415,True,0.4813601395681433,0.01480681678078799,-0.00019343596283638576,2.6113671145719266,5.993712568289276,False,1.0,False,0.1840451781943985,0.4769402966090916
L2_no_solvency,feasible,123,original,audit_rerun,8.215763262082909,175.25144566892249,0.4216672025165291,False,0.08935914176503021,True,0.5045328116445091,0.08127600816959513,-0.00017085334440558597,3.765342904300868,4.320523429930803,False,1.0,False,0.18478288519752742,0.4541985703747043
L2_no_solvency,feasible,123,v2,audit_rerun,8.498414561725177,175.94954343691788,0.39806613017348,False,0.014884664652308057,True,0.4726411432160793,0.015014658850964757,-0.0001934346574361534,2.641940122868145,6.053277649569233,False,1.0,False,0.1840451781943985,0.4770674874717
L2_no_solvency,feasible,2025,original,audit_rerun,8.218888338082063,175.83183881591935,0.447711070569512,False,0.07577506174692195,True,0.5099701600763007,0.070553329015699,-0.00017285405626843442,3.8393386828189224,4.297366494881952,False,1.0,False,0.18478288519752742,0.4541985703747043
L2_no_solvency,feasible,2025,v2,audit_rerun,8.501345090870217,175.57996347242852,0.42248897279260067,False,0.015203731563836193,True,0.4806883615931179,0.014381604833024753,-0.0001934359696420529,2.6090977763332575,5.989735470538109,False,1.0,False,0.1840451781943985,0.4769402966090916
L2_no_solvency,feasible,3007,original,audit_rerun,8.216859699021285,175.36387227690852,0.43080574445759634,False,0.08466807735950235,True,0.49232960228908773,0.07963580415972782,-0.00017329364959683957,3.68161712305875,4.19958696786824,False,1.0,False,0.18478288519752742,0.4541985703747043
L2_no_solvency,feasible,3007,v2,audit_rerun,8.498552333939525,177.13406440851438,0.399215997444724,False,0.013070994826546698,True,0.45585760811552856,0.012233662315497273,-0.00019342899273411263,2.761147843944796,6.158843270249269,False,1.0,False,0.1840451781943985,0.4769402966090916
L2_no_solvency,feasible,42,original,audit_rerun,8.212384766139301,175.25394246143196,0.393514635772485,False,0.0907207453059179,True,0.5011841265516459,0.08219519450971546,-0.00017326778666282294,3.7092372944960665,4.233349968421009,False,1.0,False,0.18491007606013585,0.4541985703747043
L2_no_solvency,feasible,42,v2,audit_rerun,8.49539699819617,175.64403403661242,0.37292153187102883,False,0.027362110248365424,True,0.48034117257644837,0.014797057329141161,-0.0001934359696420529,2.606306667790202,5.973885288179436,False,1.0,False,0.1840451781943985,0.4769402966090916
L2_no_solvency,feasible,5001,original,audit_rerun,8.225482139787665,175.52397057901794,0.5026562833016612,False,0.08362322840504255,True,0.5032984750227065,0.0835182328246864,-0.0001732300427881306,3.7033325505165067,4.246352526680741,False,1.0,False,0.18478288519752742,0.4541985703747043
L2_no_solvency,feasible,5001,v2,audit_rerun,8.508443978560587,175.9714330863164,0.48164283874707614,False,0.014814923367292301,True,0.48185072083493097,0.01480304082287498,-0.00019343596283638576,2.6136401642716858,5.991652842538952,False,1.0,False,0.1840451781943985,0.4769402966090916
L2_no_solvency,feasible,7,original,audit_rerun,8.22581157261515,175.77882904750905,0.50540155687675,False,0.08380589825416858,True,0.5059391817646031,0.08370145071041613,-0.0001732577419422121,3.7150423309646037,4.232567621115244,False,1.0,False,0.18491007606013585,0.4541985703747043
L2_no_solvency,feasible,7,v2,audit_rerun,8.507737610778099,176.3108527658943,0.47575644053270416,False,0.014830122315347836,True,0.4758526292937715,0.01481827756485421,-0.00019343596283638576,2.645667113624401,5.981810019903466,False,1.0,False,0.1840451781943985,0.4770674874717
L2_no_solvency,feasible,8102,original,audit_rerun,8.217331185690902,175.37853562325878,0.43473323284726195,False,0.08802361593159458,True,0.5063997761283856,0.08151347329881098,-0.0001711689590067067,3.751195916996607,4.291440650327916,False,1.0,False,0.18478288519752742,0.4541985703747043
L2_no_solvency,feasible,8102,v2,audit_rerun,8.500327674103158,175.6801328182563,0.41400873367696267,False,0.015857448855184385,True,0.4815585562965907,0.014865806543129523,-0.00019343596624477044,2.612282524625441,5.992764789829008,False,1.0,False,0.1840451781943985,0.4770674874717
L2_no_solvency,feasible,9005,original,audit_rerun,8.213214282462422,175.58079404136555,0.4004272720459445,False,0.08392841126570082,True,0.510045342133858,0.07646087235188004,-0.00017140326459275101,3.8090132731658954,4.28447702636771,False,1.0,False,0.18478288519752742,0.4541985703747043
L2_no_solvency,feasible,9005,v2,audit_rerun,8.495061413649395,175.63300188694018,0.37012499387008013,False,0.028174680551287117,True,0.4793643243935497,0.014754490537061127,-0.0001934359696420529,2.6014630061447583,5.964842210370384,False,1.0,False,0.1840451781943985,0.4769402966090916
L2_no_solvency,marl,10001,original,audit_rerun,8.170635085722688,172.73584145507925,0.04560061984144603,False,0.14824080266697243,True,0.1553629784453392,0.09690752449366125,-0.006269878263254203,1.3263756372734357,1.9993165244286812,False,1.0,False,0.3061484062984915,0.6936989646663784
L2_no_solvency,marl,10001,v2,audit_rerun,8.441581164425793,177.3790651037483,-0.07554376738369006,False,0.1490305872520679,True,0.033689328985508915,0.13088421558785646,-0.07089283832910631,0.3567983888030722,1.5729023567580704,False,1.0,False,0.323853374373585,0.6759939965912849
L2_no_solvency,marl,11202,original,audit_rerun,8.117614546891016,171.42848316737195,-0.3962403283052418,False,0.46086346383970805,True,-0.39523476355690645,0.4600375542181734,-0.40423406888506763,-2.5626380921882355,-2.158016496288082,False,1.0,False,0.25504311770242427,0.7448042532624456
L2_no_solvency,marl,11202,v2,audit_rerun,8.411054486654002,175.8722006052641,-0.32993626420746436,False,0.33227443677101237,True,-0.32953033669680387,0.3318895184280968,-0.3301746169037001,-1.7920656198836638,-2.954067364685361,False,1.0,False,0.25290631121060264,0.7469410597542673
L2_no_solvency,marl,123,original,audit_rerun,8.1069744147654,171.04623245031374,-0.48490654344678363,False,0.555608746294979,True,-0.40176810830107046,0.4775828343923427,-0.41650357613302047,-2.587954578289765,-2.270156845064604,False,1.0,False,0.26173335707562767,0.7381140138892422
L2_no_solvency,marl,123,v2,audit_rerun,8.405751433871146,175.53244208319563,-0.3741266190739223,False,0.37615462808546546,True,-0.2994503538974125,0.3025232602473005,-0.2994503538974125,-1.6267457816404145,-2.376888447413869,False,1.0,False,0.254254534354252,0.7455928366106179
L2_no_solvency,marl,2025,original,audit_rerun,8.193910466852405,173.3497273645788,0.23956213620166533,False,0.13074809511594568,True,0.3020914909475758,0.12200860960761561,-0.029476438537168193,2.0511432919234602,1.3531332458152439,False,1.0,False,0.7025260105314034,0.29732136043346646
L2_no_solvency,marl,2025,v2,audit_rerun,8.457261031932362,175.94342602801757,0.05512180036748582,False,0.1425112842686909,True,0.1134214511053111,0.1087520835022171,-0.002121896843521043,2.667827061891686,1.7661778398460586,False,1.0,False,0.6860420747373509,0.313805296227519
L2_no_solvency,marl,3007,original,audit_rerun,8.206341116032355,173.42144427758305,0.3431508830776142,False,0.13089314010004416,True,0.40494730945619395,0.12256394048896224,-0.016492245890631363,2.382647775417186,2.0687858025952077,False,1.0,False,0.6417796545496172,0.3580677164152527
L2_no_solvency,marl,3007,v2,audit_rerun,8.459284998334082,175.90222423766588,0.07198818771922966,False,0.1482584983996479,True,0.1287316786340087,0.10984162913897366,-0.0010094613002276098,2.9941091887271756,2.0638339169144757,False,1.0,False,0.6459006384981303,0.3539467324667396
L2_no_solvency,marl,42,original,audit_rerun,8.168776759183993,172.49784638122262,0.030114564797867338,False,0.22447595413349813,True,0.13805135942472901,0.14922581929844858,-0.026592761483679173,1.0977781829651294,0.8736040378377381,False,1.0,False,0.4714456513444074,0.5284017196204625
L2_no_solvency,marl,42,v2,audit_rerun,8.418136230304185,175.90266143373935,-0.2709182261669274,False,0.3156311318571302,True,-0.16339949006274335,0.23258486154499325,-0.20122474679249436,-0.8845290932029768,0.04256923891528305,False,1.0,False,0.46457734476355217,0.5352700262013177
L2_no_solvency,marl,5001,original,audit_rerun,8.16514912132642,173.20023158581665,-0.0001188728546708262,False,0.11343952087285629,True,0.0007858102320623672,0.11287201321066309,-0.10865195163635155,0.0073475270139295576,-0.5807958475863179,False,1.0,False,0.4133194271323548,0.586527943832515
L2_no_solvency,marl,5001,v2,audit_rerun,8.465585753384609,175.1181811453205,0.12449096063777976,False,0.06881870371735824,True,0.1247971028320638,0.06876436965151944,-0.06071591296733514,0.670717359479974,-0.7412786258951055,False,1.0,False,0.4191193304672992,0.5807280404975707
L2_no_solvency,marl,7,original,audit_rerun,8.135225320747752,171.79034912914497,-0.24948387882405276,False,0.38545651208302417,True,-0.2486810416788665,0.3847067955934702,-0.2798630576982819,-1.6076348353713072,-1.455004458049216,False,1.0,False,0.06242527536821755,0.9374220955966523
L2_no_solvency,marl,7,v2,audit_rerun,8.422894253652968,176.04958328695756,-0.23127153876237871,False,0.2692780597057246,True,-0.2310763007291161,0.269142906395059,-0.256128653621035,-1.2570047509267652,-1.1584850694457103,False,1.0,False,0.05891480756022487,0.940932563404645
L2_no_solvency,marl,8102,original,audit_rerun,8.116165800140852,171.2051138966143,-0.40831166377032213,False,0.5215167331541829,True,-0.33637635501392316,0.45477481826504684,-0.36725915727339187,-1.9098557099688418,-1.3603143015899795,False,1.0,False,0.0,0.9998473709648699
L2_no_solvency,marl,8102,v2,audit_rerun,8.416032075117919,175.79614735049682,-0.288454606783517,False,0.3005376771466088,True,-0.22080505432844344,0.2660940641110776,-0.2593229916494466,-1.1995417760879832,-0.9645588573202601,False,1.0,False,0.0,0.9998473709648699
L2_no_solvency,marl,9005,original,audit_rerun,8.107099359860781,171.0593939321104,-0.48386378130133023,False,0.5893583935351847,True,-0.3739746243307307,0.4867598166760856,-0.40119576336378193,-2.161124386293386,-1.6821296180114438,False,1.0,False,0.10928238915316324,0.8905649818117066
L2_no_solvency,marl,9005,v2,audit_rerun,8.436024894999195,175.85346269150548,-0.12184601444670262,False,0.19591090086329013,True,-0.012505286980601937,0.1307856920643613,-0.04131466932729699,-0.2982952521859833,-0.8512589692268282,False,1.0,False,0.10241408257230801,0.8974332883925619
L3_price_taker_no_solvency,anchor,7,original,audit_rerun,26.66626274992987,5.48564046427769,154.17582874135226,False,12.857140376930086,True,154.46830155383267,12.846115824239456,-0.008068305160535694,3.6652897857063076,4.782399561472712,False,1.0,False,0.18948894711403932,0.46004935005469205
L3_price_taker_no_solvency,anchor,7,v2,audit_rerun,65.99026171014613,6.517991524296928,479.4967928053331,False,12.52631928190847,True,480.2183663820101,12.521822271672978,-0.012683027772764088,5.495574897512033,6.347036844390436,False,1.0,False,0.18048383404136248,0.4869883747551576
L3_price_taker_no_solvency,feasible,10001,original,audit_rerun,27.103877462478955,5.151847645506006,157.82262607625546,False,14.03184053730373,True,158.2520811910014,14.014152573907602,-0.0010972568538880623,3.4875825596991894,4.629091800963722,False,1.0,False,0.18435043626465875,0.4554450408282669
L3_price_taker_no_solvency,feasible,10001,v2,audit_rerun,69.41235704798648,6.182350187025969,508.0142754683037,False,13.234432712669278,True,508.9152350180279,13.226892919513645,-0.013328354760389072,5.270245862143029,6.143735334164409,False,1.0,False,0.176388288265371,0.48564015161150825
L3_price_taker_no_solvency,feasible,11202,original,audit_rerun,18.00823671841545,5.317471034081638,82.02561148018903,False,11.937736145677464,True,82.19255289698187,11.929510143910449,-0.0006680425537086698,2.9451231840154253,3.791156090090309,False,1.0,False,0.1931774821296838,0.4325506855587495
L3_price_taker_no_solvency,feasible,11202,v2,audit_rerun,38.3036406079158,6.598139274948751,248.77494922547294,False,8.952171373911737,True,249.1413956941817,8.941883095427839,-0.005354759575604273,5.266911706240329,5.5728298667138025,False,1.0,False,0.17811808399684567,0.46406858131311846
L3_price_taker_no_solvency,feasible,123,original,audit_rerun,32.39398877131454,5.073991584309789,201.90688385050967,False,14.783660628204684,True,202.38779598303083,14.766062585795037,-0.0006247559006244963,3.5299759145245786,4.664340728917251,False,1.0,False,0.1869705680343924,0.4578107908727837
L3_price_taker_no_solvency,feasible,123,v2,audit_rerun,80.3251617583294,6.015765307873878,598.9543060470294,False,13.224953925414393,True,600.0275619115677,13.202334346488353,-0.00451834309300736,5.120145294882255,5.9578039025895695,False,1.0,False,0.18272239322327083,0.477881508992394
L3_price_taker_no_solvency,feasible,2025,original,audit_rerun,16.29986554752625,6.839973688277251,67.78919022748569,False,10.312707109291457,True,67.98558291218266,10.303980332513895,-0.001098502233420895,3.4654588276971037,4.567675604776087,False,1.0,False,0.18234082063544554,0.4360611533667421
L3_price_taker_no_solvency,feasible,2025,v2,audit_rerun,29.055996570174457,9.346640128107026,171.71125811224059,False,4.735469913273667,True,172.00668114860886,4.7255864425724265,-0.00456361255426474,6.458596384506126,6.567626740423785,False,1.0,False,0.17979700338327695,0.45737834193991506
L3_price_taker_no_solvency,feasible,3007,original,audit_rerun,34.85610203037195,4.760419063771042,222.42449978880435,False,15.694563521331823,True,222.93734421501887,15.676260754391969,-0.001121605056264574,3.3727421859135425,4.365595860266164,False,1.0,False,0.18623286103126352,0.4588028796011295
L3_price_taker_no_solvency,feasible,3007,v2,audit_rerun,93.79827092077788,5.81555238786489,711.2302324898438,False,14.884443674037055,True,712.493863047413,14.858726009146084,-0.004207571810710409,4.966996903814006,5.646096878492115,False,1.0,False,0.1818829335300552,0.477474498232047
L3_price_taker_no_solvency,feasible,42,original,audit_rerun,23.86532033543338,6.006467968599839,130.83464905108292,False,10.215934201735156,True,131.14063376626098,10.20548962976674,-0.0121458973661559,3.9977189156302377,5.829435346274219,False,1.0,False,0.17834702754954085,0.4530792907837501
L3_price_taker_no_solvency,feasible,42,v2,audit_rerun,55.09112737964508,7.480584922651881,388.67069015266605,False,9.51629101111473,True,389.209128856368,9.511927650893037,-0.015770287889371737,6.555491219389882,6.5309695037089766,False,1.0,False,0.17837246572206253,0.47432016483935796
L3_price_taker_no_solvency,feasible,5001,original,audit_rerun,21.73265609441506,5.1594354045481845,113.06243975628215,False,12.92017323835071,True,113.29716896660051,12.909982483548422,-0.0013162164590352354,3.149864974626456,3.62858939842159,False,1.0,False,0.1857240975808298,0.45592836610617893
L3_price_taker_no_solvency,feasible,5001,v2,audit_rerun,54.63743559517975,7.0899460617630465,384.88990807877383,False,9.155905226081062,True,385.4388187397962,9.14406039524016,-0.004194035595994627,5.927493051291552,6.615910720709595,False,1.0,False,0.18132329373457812,0.4674518582585027
L3_price_taker_no_solvency,feasible,7,original,audit_rerun,19.341826162733568,5.575296534699865,93.13885690062524,False,9.935357178451785,True,93.35241991982693,9.926966103364887,-0.0013074320523220884,3.219702013445389,4.5227950765079115,False,1.0,False,0.1972221515606319,0.46663783673780873
L3_price_taker_no_solvency,feasible,7,v2,audit_rerun,40.77430249587557,6.447481160252836,269.363798386509,False,11.993562823318477,True,269.79278830294874,11.98730966394982,-0.005021221156997768,5.116191204794394,6.474895393909826,False,1.0,False,0.1850118287502226,0.4877515199308082
L3_price_taker_no_solvency,feasible,8102,original,audit_rerun,33.92235716305105,5.350494081504543,214.64328737232333,False,13.7576306512279,True,215.1114211041904,13.75029749545542,-0.012951321036136498,3.826603424347124,4.818311139417456,False,1.0,False,0.185546030373178,0.45898094680878126
L3_price_taker_no_solvency,feasible,8102,v2,audit_rerun,88.06433620689604,6.186691599634759,663.4474278824794,False,13.286769025332992,True,664.5510003318822,13.265687845127506,-0.020567783283698127,5.242865848389434,5.903191908008555,False,1.0,False,0.17794001678919386,0.4797384955864771
L3_price_taker_no_solvency,feasible,9005,original,audit_rerun,22.022712356372853,6.684720241352221,115.47958200903548,False,8.742038649980593,True,115.76311277362889,8.737591942792333,-0.005775172611621748,4.2091084802688075,5.686994963309996,False,1.0,False,0.18083996845666608,0.4611177533006029
L3_price_taker_no_solvency,feasible,9005,v2,audit_rerun,45.036173338453,7.630032040707343,304.8794031438043,False,8.924519718126747,True,305.34288661587794,8.920391742695644,-0.008082762723304882,6.372344282570644,7.08214575011153,False,1.0,False,0.18961613797664775,0.4754648826028338
L3_price_taker_no_solvency,marl,10001,original,audit_rerun,7.9224843545817825,0.4080528277152835,-2.022322213719996,True,100.0,True,-1620.9833061125987,1665.2939895632135,-1719.064925849403,-4.309669596348244,-3.9326581525625346,True,1.0,True,0.05024039073032993,0.9494797893719316
L3_price_taker_no_solvency,marl,10001,v2,audit_rerun,11.388432084479728,0.5103441045173317,24.481548209666816,True,100.0,True,-1727.975964269417,1757.1169378520647,-1852.4479331923658,-3.988583462323798,-3.6161158226647467,True,1.0,True,0.07644170842766655,0.9232784716745949
L3_price_taker_no_solvency,marl,11202,original,audit_rerun,8.451868224521085,0.42533426169222294,2.3892069980912423,True,100.0,True,-2980.168464098705,3057.1481080188037,-3082.4564762157856,-6.141404838112702,-5.833403411714286,True,1.0,True,0.0,0.9998473709648699
L3_price_taker_no_solvency,marl,11202,v2,audit_rerun,11.12160817900023,0.49674141603265604,22.258011275911027,True,100.0,True,-2211.177890887747,2251.5534603505916,-2333.390104774117,-4.369935712514404,-3.894181482598007,True,1.0,True,0.0,0.9998473709648699
L3_price_taker_no_solvency,marl,123,original,audit_rerun,9.8260249857816,0.46403273325502314,13.840515171137358,True,100.0,True,-3243.5793463151917,3319.028072191207,-3357.32173621691,-6.338886329492114,-6.115983724558867,True,1.0,True,0.0,0.9998473709648699
L3_price_taker_no_solvency,marl,123,v2,audit_rerun,11.17765093305907,0.5033908900834272,22.725036386595242,True,100.0,True,-2044.623179254605,2089.5778998514556,-2167.3445558362364,-4.532612391832825,-4.047111041021381,True,1.0,True,0.00015262903513011626,0.7701406730940449
L3_price_taker_no_solvency,marl,2025,original,audit_rerun,8.89270028396616,0.43490125698633564,6.062810820684694,True,100.0,True,-739.8956554090006,663.7160651590741,-848.4978235512525,-1.577394808260227,-2.48920298024538,True,1.0,True,0.6236676757141767,0.005214825366945639
L3_price_taker_no_solvency,marl,2025,v2,audit_rerun,7.836433862312742,0.39709311978679623,-5.1184381522079825,True,100.0,True,-971.2330281042184,979.1747260430861,-1067.1138440673549,-2.0321545609934977,-3.3338549011922862,True,1.0,True,0.4377400727531734,0.006944621098420289
L3_price_taker_no_solvency,marl,3007,original,audit_rerun,11.491796120624386,0.4908104670358169,27.721943568466045,True,100.0,True,-781.9514049186554,911.8406514224025,-911.8406476880991,-1.7076519935568297,-2.599699606130869,True,1.0,True,0.6024776780036122,0.0010429650733891278
L3_price_taker_no_solvency,marl,3007,v2,audit_rerun,3.415480912338431,0.27216971418384484,-41.959714200452666,True,100.0,True,-1041.621928379358,1100.6990611416893,-1100.6990565386754,-2.2211912224114014,-3.4112232203149446,True,1.0,True,0.42507186283737375,0.0022131210093866856
L3_price_taker_no_solvency,marl,42,original,audit_rerun,3.531788641495659,0.29168542411986376,-38.611454466388054,True,100.0,True,-737.1123388771707,659.1982668845989,-800.3674392611792,-1.7316088981255708,-2.347690735107839,True,1.0,True,0.5276131362722902,0.045076441708427666
L3_price_taker_no_solvency,marl,42,v2,audit_rerun,-3.0352909981405385,0.212486076132888,-95.71614892559487,True,100.0,True,-2960.1224397087162,2598.9307387323997,-2964.0554016017913,-5.60285394518048,-6.045619500022975,True,1.0,True,0.7068504998600901,0.29299687110477984
L3_price_taker_no_solvency,marl,5001,original,audit_rerun,5.665174105235016,0.3421822941332446,-20.83324410277796,True,100.0,True,-1190.6543118101465,1269.6938028349591,-1269.6937974546038,-3.381545872861244,-4.069396370675808,True,1.0,True,0.22174454987153722,0.7779756302307242
L3_price_taker_no_solvency,marl,5001,v2,audit_rerun,-0.5910909750932558,0.1386665201974524,-75.3478154571686,True,100.0,True,-1631.3247147825316,1655.8410837827118,-1655.8410766261566,-4.776114038116985,-5.725437350065681,True,1.0,True,0.7069522525501768,0.29276792755208464
L3_price_taker_no_solvency,marl,7,original,audit_rerun,10.71040349111103,0.4870684068752009,21.210334306247482,True,100.0,True,-3331.9993700983396,3344.42859043281,-3453.113971166984,-6.277058699698809,-6.040879461692694,True,1.0,True,0.0,0.9998473709648699
L3_price_taker_no_solvency,marl,7,v2,audit_rerun,12.52125620827449,0.5410191161120298,33.92174490684721,True,100.0,True,-1919.630913241459,1938.6676883839125,-2053.526265318057,-4.080139267255251,-3.53009690518917,True,1.0,True,0.0,0.6911551474142098
L3_price_taker_no_solvency,marl,8102,original,audit_rerun,10.694195141893648,0.486553299333939,21.0752666182511,True,100.0,True,-3338.0722501596238,3391.6081689381754,-3459.0523643958263,-6.28743031951349,-6.052091165050427,True,1.0,True,0.0,0.9998473709648699
L3_price_taker_no_solvency,marl,8102,v2,audit_rerun,12.537834148066839,0.5428618009458944,34.05989676311467,True,100.0,True,-1829.5951388724304,1898.0096823545796,-1963.6316452683254,-3.871950396635383,-3.3023042383462498,True,1.0,True,0.0,0.6422375416550075
L3_price_taker_no_solvency,marl,9005,original,audit_rerun,10.695543811873009,0.4867845701834197,21.08650742458451,True,100.0,True,-3322.3142330484043,3310.253220096871,-3443.305754510383,-6.274477358549508,-6.037599334432185,True,1.0,True,0.0,0.9998473709648699
L3_price_taker_no_solvency,marl,9005,v2,audit_rerun,11.414689397216904,0.5118334858283693,24.70035915784521,True,100.0,True,-1930.7176097818633,1928.7319206514776,-2055.4019834251662,-4.2386839045814675,-3.7183438085120235,True,1.0,True,0.0,0.7071048815853069
L4_load_proxy_liquidity,anchor,7,original,audit_rerun,15.685979073248113,12.425939549070634,62.673464348111764,False,3.9490577448216144,True,62.76664009855371,3.947141041293467,-0.0006014093692163769,6.087175486624696,7.62710633134169,False,1.0,False,0.18503726692274428,0.454707333825138
L4_load_proxy_liquidity,anchor,7,v2,audit_rerun,20.31202238267995,17.36168110617393,98.84479665885908,False,1.8843787467091933,True,98.94433106422929,1.88355823184585,-0.004149863064084602,10.012071919574394,9.672846657210082,False,1.0,False,0.18455394164483224,0.47681310574648317
L4_load_proxy_liquidity,feasible,123,original,audit_rerun,15.5665224480801,12.684498443125497,61.67799499019382,False,3.7713237127931447,True,61.85141388661497,3.7681854932422487,-0.0020657951631974925,6.182148988336351,7.718340797763671,False,1.0,False,0.1848083233700491,0.4546818956526163
L4_load_proxy_liquidity,feasible,123,v2,audit_rerun,19.91955347413812,17.387779837105274,95.57422584502105,False,1.9125516302582493,True,95.74580922267629,1.9117858815164257,-0.00440489706905467,9.876558069406014,9.547533328000455,False,1.0,False,0.1844013126097021,0.4767622294014398
L4_load_proxy_liquidity,feasible,42,original,audit_rerun,15.514934111360423,12.32190204967744,61.24809469186234,False,3.9637436968944617,True,61.44754666407144,3.959599208241271,-0.0004610729306353534,6.015683996530216,7.566725824303283,False,1.0,False,0.184655694334919,0.4546818956526163
L4_load_proxy_liquidity,feasible,42,v2,audit_rerun,20.15405061255644,17.32469067602418,97.52837218194182,False,1.9797182247944405,True,97.73435947582665,1.9780042794682817,-0.004264228114603252,10.117847222062014,9.787083382774412,False,1.0,False,0.1844013126097021,0.4767622294014398
L4_load_proxy_liquidity,feasible,7,original,audit_rerun,15.577610157245193,12.39282437212301,61.77039004393357,False,3.9541313515868564,True,61.86255929005624,3.952226491971511,-0.0002984415454987399,6.048965071602953,7.604050251661804,False,1.0,False,0.184655694334919,0.4546818956526163
L4_load_proxy_liquidity,feasible,7,v2,audit_rerun,20.22116092592743,17.39178156098372,98.08761784910524,False,1.940373892835624,True,98.18627164389768,1.939544037642138,-0.004378108687985716,10.109381204088216,9.777307187589019,False,1.0,False,0.1844013126097021,0.4767622294014398
L4_load_proxy_liquidity,marl,123,original,audit_rerun,2.016274132395468,0.38527512348671017,-51.240743255398215,False,53.580373800878704,True,-50.99312639691615,53.368030357992524,-52.83258380078475,-3.6515231049495434,-3.1959100904122457,False,1.0,False,0.2808119864668922,0.7190353844979777
L4_load_proxy_liquidity,marl,123,v2,audit_rerun,8.168972938414253,5.307640921871537,-2.3472807916541605,False,12.46788805081372,True,-2.106187940293458,12.43543222644885,-11.924796404758254,-0.16658381697301375,0.04288216367946083,False,1.0,False,0.27730151865889957,0.7225458523059703
L4_load_proxy_liquidity,marl,42,original,audit_rerun,6.772132357769567,3.6700191850378965,-11.608589197112906,False,18.089482435528517,True,-11.32949691347086,17.945234984868506,-13.113839958650587,-0.8639090322571544,-0.2156042632890498,False,1.0,False,0.6144590572613263,0.38538831370354354
L4_load_proxy_liquidity,marl,42,v2,audit_rerun,10.048375121951004,6.666990673677674,13.314406411159375,False,12.552044266521085,True,13.593915032274895,12.519171569473608,-8.803890508098512,1.147738842259259,1.4185944371375276,False,1.0,False,0.5857647986568645,0.4140825723080054
L4_load_proxy_liquidity,marl,7,original,audit_rerun,4.714985116717396,2.2275421129604234,-28.751485710180535,False,34.852820021291166,True,-28.581355979268608,34.72123065740021,-32.237725667152816,-2.0577540227384583,-1.5141426099687463,False,1.0,False,0.04258350080130244,0.9572638701635674
L4_load_proxy_liquidity,marl,7,v2,audit_rerun,7.747529929289532,4.882003499351688,-5.859307601012098,False,17.658685830859426,True,-5.689680437016509,17.618335371284566,-15.761699394618544,-0.41310457846834175,0.127506944283385,False,1.0,False,0.04288875887156267,0.9569586120933072
L5_percent_payoff,anchor,7,original,audit_rerun,8.16300586227321,186.96285618467923,-0.017979365047005036,False,0.01799854733693826,True,-0.01808226704549387,0.018081807148828677,-0.01808226704549387,-45454.7423334891,-18612.515958924196,False,0.0,False,0.031009132303935285,0.07908727836992191
L5_percent_payoff,anchor,7,v2,audit_rerun,8.448490326925207,183.71019356069615,-0.017970927179167262,False,0.01799624633363846,True,-0.01808226704549387,0.018081807148828677,-0.01808226704549387,-45454.7423334891,-18612.515958924196,False,0.0,False,0.030551245198544935,0.08720205540433976
L5_percent_payoff,marl,123,original,audit_rerun,-3.2861776877419535,-2.2351065120528713,-95.42784264935541,True,95.42804084626859,True,-95.18453276163778,95.18453273948761,-95.18453276163778,-2.169840168328309,-2.1934663926438347,True,1.0,False,0.0,0.013151535193711685
L5_percent_payoff,marl,123,v2,audit_rerun,-3.043855639832471,-2.0598431539241884,-95.78752101660655,True,95.78779509920062,True,-95.57235496172218,95.57235494135591,-95.57235496172218,-2.2683877521592084,-2.04495643672444,True,1.0,False,0.0,0.011319986772150289
L5_percent_payoff,marl,42,original,audit_rerun,-3.598111287684125,-1.0492451914764005,-98.02728933727775,True,98.18132424144811,True,-97.52061811168926,97.71849689299631,-97.52061811168926,-0.9732138652028672,-1.582503346153926,True,1.0,False,0.02139350309073796,0.015262903513011626
L5_percent_payoff,marl,42,v2,audit_rerun,-3.081083981836663,-2.245128694196025,-96.09775713823852,True,96.09775713823852,True,-95.8416640631915,95.841664044064,-95.8416640631915,-2.360017193301918,-2.324948096997123,True,1.0,False,0.0010938414184324997,0.013583984126580347
L5_percent_payoff,marl,7,original,audit_rerun,-3.2456673060497043,-2.183688268661997,-95.09025620505122,True,95.09025620505122,True,-94.92098054407111,94.92098052070864,-94.92098054407111,-2.0887540221229735,-2.130157421680979,False,1.0,False,0.0,0.013762051334232148
L5_percent_payoff,marl,7,v2,audit_rerun,-2.953452336835516,-1.969066221120264,-95.0341602289073,True,95.0341602289073,True,-94.88846982770848,94.88846980419646,-94.88846982770848,-2.1582708658556555,-1.9710729168592898,False,1.0,False,0.0,0.011777873877540637
L6_interpolated_prices,anchor,7,original,audit_rerun,8.205715574451489,176.37732379099083,0.5027133574012854,False,0.08362407400155844,True,0.503277716352768,0.08351914360082979,-0.00017320505069085002,3.7031990602146023,4.246311270040927,False,1.0,False,0.18478288519752742,0.4541985703747043
L6_interpolated_prices,anchor,7,v2,audit_rerun,8.455898800027661,180.69109717360763,0.17604224149643244,False,0.05372365275467491,True,0.17615765061418376,0.05372283546216661,-0.001754840568335414,5.049443008040471,4.74568821477677,False,1.0,False,0.1727760677672916,0.4436671669507263
L6_interpolated_prices,feasible,123,original,audit_rerun,8.194162675314075,176.25084253314188,0.40644076436953114,False,0.08913315039615996,True,0.5028261410284118,0.08104434193477728,-0.00017074138998207644,3.764205989428543,4.308006761410809,False,1.0,False,0.18478288519752742,0.4541985703747043
L6_interpolated_prices,feasible,123,v2,audit_rerun,8.444479693545027,180.3400559024722,0.08088478023200452,False,0.05761849931110089,True,0.1711264686748759,0.0537223126312103,-0.0017938307591891522,5.0280855131576905,4.761690571333472,False,1.0,False,0.1726234387321615,0.4436671669507263
L6_interpolated_prices,feasible,42,original,audit_rerun,8.189319747443013,176.11071318413036,0.36608459755518297,False,0.09340246528130473,True,0.4994030736171995,0.08205927330604545,-0.00017326792383087763,3.7049000347642442,4.222843208663258,False,1.0,False,0.18491007606013585,0.4541985703747043
L6_interpolated_prices,feasible,42,v2,audit_rerun,8.439627754228374,180.37579253862208,0.04045371084713256,False,0.08307628289943342,True,0.17521784537379848,0.053723529245663926,-0.0018655258685496001,5.033769296809585,4.7259017995119335,False,1.0,False,0.1726234387321615,0.4436671669507263
L6_interpolated_prices,feasible,7,original,audit_rerun,8.206223179807836,176.74471048328422,0.5069434020571029,False,0.0836472302124166,True,0.507504814537385,0.08354298282784445,-0.0001732574721136082,3.723339543445134,4.229754201472193,False,1.0,False,0.18491007606013585,0.4541985703747043
L6_interpolated_prices,feasible,7,v2,audit_rerun,8.456384870464696,181.0139469527413,0.180092828490519,False,0.04914433191288495,True,0.18020714625222034,0.04914351380591597,-0.0018016221347783024,5.020432474248498,4.739417481062567,False,1.0,False,0.1726234387321615,0.4436671669507263
L6_interpolated_prices,marl,123,original,audit_rerun,8.088693785631307,172.1086953940544,-0.4724666674121081,False,0.5368483332676001,True,-0.37580897790916445,0.45052092367305896,-0.39310147570970067,-2.5995157625422585,-2.254049285517705,False,1.0,False,0.3085904708605734,0.6912569001042965
L6_interpolated_prices,marl,123,v2,audit_rerun,8.38941588196045,176.77859627501576,-0.3779803264857384,False,0.3888981679113963,True,-0.2876219823652826,0.30121640012201745,-0.2981228351552234,-1.5527490828592383,-2.19905790328096,False,1.0,False,0.3021800513851085,0.6976673195797614
L6_interpolated_prices,marl,42,original,audit_rerun,8.135790627252026,173.16170112688485,-0.07999142001060555,False,0.2224150402135084,True,0.05359460735923083,0.13367530506744885,-0.0586033180222878,0.4171966270534088,-0.019336078235315527,False,1.0,False,0.679631655261886,0.3202157157029839
L6_interpolated_prices,marl,42,v2,audit_rerun,8.412018570076473,177.01345379247527,-0.18962283290163695,False,0.27520636600342796,True,-0.0547431864663106,0.17763727764802395,-0.08795443958992122,-0.46622168209286186,0.4468463507300838,False,1.0,False,0.6753580422782427,0.32448932868662717
L6_interpolated_prices,marl,7,original,audit_rerun,8.120799934056478,173.2826442766753,-0.20491698247875334,False,0.38164057760260306,True,-0.20408893219052704,0.3809098950355416,-0.23361618773605208,-1.2251191804684187,-0.5294765507261281,False,1.0,False,0.07005672712472336,0.9297906438401465
L6_interpolated_prices,marl,7,v2,audit_rerun,8.40608240677061,177.20968128757022,-0.23909437088859287,False,0.2663546017048079,True,-0.23886474085903497,0.2662306541133308,-0.2586661694621628,-1.2904918412058397,-1.2827336436784424,False,1.0,False,0.07265142072193534,0.9271959502429346
L7_minus_interp,anchor,7,original,audit_rerun,-0.9085057636490035,-1.690481970541434,-75.61390992879153,False,75.62648438416232,True,-75.5340931756961,75.54666284234641,-75.54666295482683,-6.643230840250281,-8.744608799908972,False,0.0,False,0.24316349113479688,0.6110503421434205
L7_minus_interp,anchor,7,v2,audit_rerun,-2.311253092774135,-2.9344940858042583,-89.68249983711246,False,89.70213616297107,True,-89.57525619261611,89.59488986281194,-89.59488991067333,-8.570238542591289,-10.028512535587355,False,0.0,False,0.2123324260385134,0.7560224873445092
L7_minus_interp,marl,123,original,audit_rerun,-6.820536718580605,0.46250968933150294,-124.88083516811659,True,303.26099874192073,True,-5910.854570104323,5913.40314155418,-5913.403114813698,-14.047236303122407,-14.08254174560103,True,0.0,True,0.000610516140520465,0.998778967718959
L7_minus_interp,marl,123,v2,audit_rerun,-5.413895277006697,0.13274227063297184,-115.53785176453697,True,290.04106686478036,True,-3807.5881316951773,3808.958628879906,-3810.396251078679,-14.112350785325022,-15.23950814353965,True,0.0,True,0.0,0.9998473709648699
L7_minus_interp,marl,42,original,audit_rerun,196.6119437687361,4.448650958692386,1570.3898958801403,False,47.5380757143615,True,1570.7790926920622,47.510383046718985,-47.510383288160654,4.399281953733885,4.657314120416923,False,0.0,False,0.3467731678156241,0.015568161583271858
L7_minus_interp,marl,42,v2,audit_rerun,286.2143278007861,6.417303560613166,2314.697436924206,False,47.52055907195308,True,2176.0756461349647,59.61874881035247,-47.49370785641665,6.745567090615905,6.7079494847255035,False,0.0,True,0.5731220269135865,0.08379334028643383
L7_minus_interp,marl,7,original,audit_rerun,-18.701622647829062,0.9084292852189662,-223.8898846456649,True,377.1487235375677,True,-6812.192434546326,6813.062470401153,-6814.596733591628,-13.846835211079508,-13.893566970036977,True,0.0,True,0.0,0.9967947902622676
L7_minus_interp,marl,7,v2,audit_rerun,-18.08314614087304,0.3991836946942923,-221.11494250916613,True,352.12953911986074,True,-4122.7515574560375,4120.836450124276,-4125.1671332814085,-13.850282635215589,-14.98825769642612,True,0.0,True,0.0,0.998626338683829
L7_minus_legacy_fee,anchor,7,original,audit_rerun,3.8327741017897043,6.952290270675088,-35.93846574906896,False,35.96683115219475,True,-35.80761349684343,35.83597860482772,-35.83597889996928,-10.307942800046778,-11.17573892438064,False,0.0,False,0.22701025158352625,0.5877744142860777
L7_minus_legacy_fee,anchor,7,v2,audit_rerun,3.4557616290461057,7.319084373186327,-41.491767708346636,False,41.536782853209026,True,-41.323136325629115,41.368436674696085,-41.36843694438945,-10.214624392784641,-10.853474660383151,False,0.0,False,0.2571544860217242,0.5481926178423342
L7_minus_legacy_fee,marl,123,original,audit_rerun,-4.275444231220781,-0.25129901912434577,-103.5069522230188,True,141.84882028309207,True,-1352.778564471228,1356.3720082330597,-1356.3720024540016,-14.533649412656137,-14.35019343395978,True,0.0,True,0.0,0.9997201801022615
L7_minus_legacy_fee,marl,123,v2,audit_rerun,-3.7732845664848247,-0.40323463220351724,-101.73381964536057,True,142.0280278861116,True,-970.9350325267883,973.7486618700236,-974.6414334240766,-13.929402702614942,-14.31404645242624,True,0.0,True,0.0,0.9997201801022615
L7_minus_legacy_fee,marl,42,original,audit_rerun,161.2763520873267,7.635426748336723,1276.09139978125,False,41.658919269990015,True,1276.6646680089275,41.53741570806956,-41.537415976985656,10.23416609769422,10.169661962279436,False,0.0,False,0.9933097606267965,0.0065376103380733125
L7_minus_legacy_fee,marl,42,v2,audit_rerun,106.54095995299913,7.30909236580033,817.5515878785341,False,43.88220103020912,True,818.1756525373231,43.76082039549301,-43.760820654181906,8.45720288071473,8.388439819932412,False,0.0,False,0.9938948385947953,0.0059525323700745335
L7_minus_legacy_fee,marl,7,original,audit_rerun,-5.4759294301828465,-0.28632966646524494,-113.51099553899151,True,162.13392909826055,True,-1399.9966734356972,1403.169253368783,-1403.5256996001747,-14.3864983095081,-14.251951327616235,True,0.0,True,0.0,0.9998473709648699
L7_minus_legacy_fee,marl,7,v2,audit_rerun,-4.540751738583104,-0.43482124500468333,-108.12937941177636,True,152.47369113068717,True,-1011.3924078953677,1012.9883157663528,-1015.1189016365009,-13.966702594574867,-14.205016705859965,True,0.0,True,0.0,0.9998473709648699
L7_minus_no_solvency,anchor,7,original,audit_rerun,5.700568837039777,17.63978454568921,-20.37350955038931,False,20.42433676298167,True,-20.366567123727364,20.417393970255826,-20.41739433631976,-13.349176024848425,-13.224601013856766,False,0.0,False,0.04728956271781435,0.8937956297219608
L7_minus_no_solvency,anchor,7,v2,audit_rerun,7.157203719823024,45.303003999572105,-10.646416809989844,False,10.67847733817419,True,-10.623468581916839,10.655528699134697,-10.655529110101247,-9.138652795077782,-9.994648993215172,False,0.0,False,0.07539874335427743,0.8348808221617359
L7_minus_no_solvency,marl,123,original,audit_rerun,-3.2813892771599407,-3.434751914920192,-95.22316077180213,True,95.50297718820471,True,-94.84131766086573,95.14465057315515,-94.84131766086573,-5.299605455090442,-5.722763591854803,False,0.0,False,0.03212841189488947,0.17870316196484445
L7_minus_no_solvency,marl,123,v2,audit_rerun,-2.9811611773973845,-4.706417626625616,-95.13279125652683,True,95.35223510642487,True,-94.80162467983308,95.0372435993508,-94.80162467983308,-5.5175400872083005,-6.021512987084629,False,0.0,False,0.02833812418915825,0.1419704408435298
L7_minus_no_solvency,marl,42,original,audit_rerun,-3.2697110866306,-4.696848093588159,-95.12584243936111,True,95.1258424393611,True,-94.70543851666669,94.70543849231278,-94.70543851666669,-5.146883917877496,-5.515618125226634,False,0.0,False,0.1476177151433441,0.021673322988476507
L7_minus_no_solvency,marl,42,v2,audit_rerun,-3.0119001997410355,-4.925585672777292,-95.3889497006572,True,95.3889497006572,True,-95.03273282527684,95.0327328024284,-95.03273282527684,-5.197725028824273,-5.369617945443112,True,0.0,False,0.07674696649792678,0.025946935972119764
L7_minus_no_solvency,marl,7,original,audit_rerun,-3.258804750333888,-3.2072084988743885,-95.03495645526414,True,95.11757825204704,True,-94.79820837312171,94.88515633337515,-94.79820837312171,-4.025784774572379,-3.9615042444531743,False,0.0,False,0.0006868306580855232,0.15476584162193788
L7_minus_no_solvency,marl,7,v2,audit_rerun,-2.968932185846651,-2.8841337071073863,-95.03088307872231,True,95.14574338265686,True,-94.83205050424478,94.95182375501116,-94.83205050424478,-3.6035988216705603,-3.5893215475167835,False,0.0,False,0.0003052580702602325,0.1563430083182824
L7_minus_percent_mtm,anchor,7,original,audit_rerun,23.780219830615245,6.0315781500258305,130.29024942242904,False,10.480462551142946,True,130.67009732430654,10.474196383867785,-0.007696570692172777,3.958850890690914,5.488463184399133,False,1.0,False,0.18707232072447916,0.464755411971204
L7_minus_percent_mtm,anchor,7,v2,audit_rerun,17.01010289972853,5.447528378565876,71.46107673356703,False,31.994912405389186,True,71.76734330408014,31.912711510310178,-0.04238126520197394,2.227153356172779,3.0890613003402803,False,1.0,False,0.17468393070641805,0.46389051410546667
L7_minus_percent_mtm,marl,123,original,audit_rerun,27.55956843518941,0.9393921076320332,161.78482535735762,True,100.0,True,-3302.3926482694555,3365.6168503693266,-3426.8403377676564,-6.12203389013005,-5.781288923984784,True,1.0,True,0.0,0.9997201801022615
L7_minus_percent_mtm,marl,123,v2,audit_rerun,46.17739686621831,1.326532376608878,314.5218681947954,True,100.0,True,-2728.1376965220616,2704.547065414262,-2834.926277046316,-4.7450845818136544,-4.237734920682288,True,1.0,True,0.0,0.9997201801022615
L7_minus_percent_mtm,marl,42,original,audit_rerun,103.56114676437511,1.8544978390520623,795.1313381997857,True,100.0,True,-1821.8287641423951,1515.354399078215,-1821.8287641423951,-2.8813013207448965,-3.8843867552379705,True,1.0,True,0.9900791127165425,0.00976825824832744
L7_minus_percent_mtm,marl,42,v2,audit_rerun,101.31019400781925,2.010698560628754,773.9618699352004,True,100.0,True,-3276.4577269922156,3156.577979773785,-3297.4829051356182,-4.803912512270506,-5.656055772058119,True,1.0,True,0.9902317417516726,0.009615629213197323
L7_minus_percent_mtm,marl,7,original,audit_rerun,33.763599134467896,1.0363830539475143,213.48507733721408,True,100.0,True,-3654.552006357711,3679.2794260980563,-3797.6345545948056,-6.299896297232268,-6.067378246993254,True,1.0,True,0.0,0.9998473709648699
L7_minus_percent_mtm,marl,7,v2,audit_rerun,52.34837991930392,1.415654411254614,365.9467199179368,True,100.0,True,-3097.620573688314,3020.8045421503143,-3222.338255916947,-4.964391196982937,-4.544868531434554,True,1.0,True,0.0,0.9998473709648699
L7_minus_price_taker,anchor,7,original,audit_rerun,8.11034350436961,186.8694313624973,-0.2920538969366948,False,0.29206957303272907,True,-0.1478990311724493,0.14815622215298418,-0.14799305293135,-9.473241630018775,-8.871891819157877,False,0.0,False,0.22739182417135154,0.5879016051486862
L7_minus_price_taker,anchor,7,v2,audit_rerun,8.41187600391029,184.47723189802477,-0.19081439450245874,False,0.19081439450246418,True,-0.05461548306010533,0.05463003314458703,-0.05463049287313115,-11.985499418203942,-12.713345550025196,False,0.0,False,0.2188700363765867,0.6159853476126275
L7_minus_price_taker,marl,123,original,audit_rerun,8.131670350345455,187.50327346082932,-0.11432862089115758,False,0.11593166822638513,True,0.1316738593948985,0.017340137539600953,-0.003479824641661189,7.027369283148482,7.018904504434906,False,0.0,False,0.3085904708605734,0.6912569001042965
L7_minus_price_taker,marl,123,v2,audit_rerun,8.411073533409885,184.29003493204758,-0.1974998937365302,False,0.1975757999716245,True,0.03187763787497744,0.005220240048509073,-0.0050835485056244245,4.964034724706903,5.584663597630133,False,0.0,False,0.3021800513851085,0.6976673195797614
L7_minus_price_taker,marl,42,original,audit_rerun,8.108773581458673,187.30225246771118,-0.30513347635101606,False,0.3051334763510174,True,-0.024877370276676913,0.05839107649900921,-0.05839153621026716,-1.0733973928439176,-1.5885747167183362,False,0.0,False,0.6779527358754547,0.3218946350894152
L7_minus_price_taker,marl,42,v2,audit_rerun,8.397064764654761,184.22175317649751,-0.3142378830386483,False,0.31423788303864836,True,-0.045556066187146804,0.045700118319558225,-0.045700578089202804,-8.545602212667822,-9.617112113655685,False,0.0,False,0.6729159777161609,0.326931393248709
L7_minus_price_taker,marl,7,original,audit_rerun,8.104971422966244,186.51580307522138,-0.3368212421707262,False,0.338488878808325,True,-0.1923377989399122,0.19464482877658007,-0.1926033958538631,-10.869901552280394,-11.294873174877644,False,0.0,False,0.06990409808959325,0.9299432728752767
L7_minus_price_taker,marl,7,v2,audit_rerun,8.409460899980626,184.30692458977572,-0.2109402606755073,False,0.2114961591560131,True,-0.08014384823844534,0.08127904012037446,-0.08017495813946729,-15.016026809771144,-15.856505854805217,False,0.0,False,0.07173564651115463,0.9281117244537153
L7_minus_sweeper,anchor,7,original,audit_rerun,3.8327741017897043,6.952290270675088,-35.93846574906896,False,35.96683115219475,True,-35.80761349684343,35.83597860482772,-35.83597889996928,-10.307942800046778,-11.17573892438064,False,0.0,False,0.22701025158352625,0.5877744142860777
L7_minus_sweeper,anchor,7,v2,audit_rerun,3.4557616290461057,7.319084373186327,-41.491767708346636,False,41.536782853209026,True,-41.323136325629115,41.368436674696085,-41.36843694438945,-10.214624392784641,-10.853474660383151,False,0.0,False,0.2571544860217242,0.5481926178423342
L7_minus_sweeper,marl,123,original,audit_rerun,-4.275444231220781,-0.25129901912434577,-103.5069522230188,True,141.84882028309207,True,-1352.778564471228,1356.3720082330597,-1356.3720024540016,-14.533649412656137,-14.35019343395978,True,0.0,True,0.0,0.9997201801022615
L7_minus_sweeper,marl,123,v2,audit_rerun,-3.7732845664848247,-0.40323463220351724,-101.73381964536057,True,142.0280278861116,True,-970.9350325267883,973.7486618700236,-974.6414334240766,-13.929402702614942,-14.31404645242624,True,0.0,True,0.0,0.9997201801022615
L7_minus_sweeper,marl,42,original,audit_rerun,230.82761498154318,8.194750191401242,1855.6852779887383,False,41.658919269990015,True,1856.205681087044,41.53741570806956,-41.537415976985656,11.311821707097737,11.080377641898982,False,0.0,False,0.9938948385947953,0.0059525323700745335
L7_minus_sweeper,marl,42,v2,audit_rerun,137.8253323980472,7.929621405029152,1078.2547019550625,False,43.88220103020912,True,1078.8179375935865,43.76082039549301,-43.760820654181906,9.375041792723964,9.519654260093867,False,0.0,False,0.9938948385947953,0.0059525323700745335
L7_minus_sweeper,marl,7,original,audit_rerun,-5.4759294301828465,-0.28632966646524494,-113.51099553899151,True,162.13392909826055,True,-1399.9966734356972,1403.169253368783,-1403.5256996001747,-14.3864983095081,-14.251951327616235,True,0.0,True,0.0,0.9998473709648699
L7_minus_sweeper,marl,7,v2,audit_rerun,-4.540751738583104,-0.43482124500468333,-108.12937941177636,True,152.47369113068717,True,-1011.3924078953677,1012.9883157663528,-1015.1189016365009,-13.966702594574867,-14.205016705859965,True,0.0,True,0.0,0.9998473709648699
L7_thesis_like,anchor,7,original,audit_rerun,3.8327741017897043,6.952290270675088,-35.93846574906896,False,35.96683115219475,True,-35.80761349684343,35.83597860482772,-35.83597889996928,-10.307942800046778,-11.17573892438064,False,0.0,False,0.22701025158352625,0.5877744142860777
L7_thesis_like,anchor,7,v2,audit_rerun,3.4557616290461057,7.319084373186327,-41.491767708346636,False,41.536782853209026,True,-41.323136325629115,41.368436674696085,-41.36843694438945,-10.214624392784641,-10.853474660383151,False,0.0,False,0.2571544860217242,0.5481926178423342
L7_thesis_like,feasible,123,original,audit_rerun,2.759257343609467,3.122906179000529,-44.884437914949736,False,44.91904304936306,True,-44.627626714433624,44.66464663371143,-44.662835640331345,-10.686967315545013,-12.020021726056106,False,0.0,False,0.2188700363765867,0.5974917961893618
L7_thesis_like,feasible,123,v2,audit_rerun,2.8036719289207257,4.503650868684956,-46.92584763444354,False,46.97242488427661,True,-46.64062835743269,46.68921125225432,-46.68837609750407,-10.72024012253013,-11.389855200462488,False,0.0,False,0.23423469257968507,0.556638091119534
L7_thesis_like,feasible,42,original,audit_rerun,4.877581823357358,14.447295723945857,-27.231732424790145,False,27.343868587119868,True,-26.996561731127677,27.115475198197124,-27.054465726690914,-10.089108893795345,-11.247399863278867,False,0.0,False,0.20643077001348223,0.5494645264684185
L7_thesis_like,feasible,42,v2,audit_rerun,3.7016204723453905,9.136925644462467,-39.4429418750435,False,39.47091235288841,True,-39.181450482258384,39.210584549814854,-39.21058482943391,-10.446276551942681,-11.473755959786997,False,0.0,False,0.22914705807534785,0.5509145023021547
L7_thesis_like,feasible,7,original,audit_rerun,4.282071665038356,8.828864330192157,-32.19431937144124,False,32.237073334176635,True,-32.10542714193706,32.148285289094126,-32.14689914585702,-10.38563215528921,-11.718964952727381,False,0.0,False,0.2116201572079062,0.5885629976342499
L7_thesis_like,feasible,7,v2,audit_rerun,4.010245179378824,9.72929580188646,-36.8710714343198,False,36.93694354887547,True,-36.737301858022384,36.80328644485618,-36.7817156641176,-9.594249612373252,-10.07062536689473,False,0.0,False,0.20813512757243519,0.5616494111063062
L7_thesis_like,marl,10001,original,audit_rerun,-3.8685724264027166,-0.23104469811565145,-100.1163537828427,True,144.77741338149326,True,-1416.8017993252797,1419.6414673107408,-1419.641461240656,-11.874882492618854,-11.774936638407384,True,0.0,True,0.02838900053420162,0.9714583704306683
L7_thesis_like,marl,10001,v2,audit_rerun,-3.588192634517695,-0.43715886309478913,-100.19138684811568,True,135.42065044166202,True,-918.9956999545805,922.4408711825138,-922.4408673994516,-10.975151458355034,-11.135842405612737,True,0.0,True,0.03174683930706418,0.9681005316578057
L7_thesis_like,marl,11202,original,audit_rerun,-4.130630455155626,-0.25226676857817765,-102.30017069553054,True,139.06080625479197,True,-1310.6883911676098,1313.346451621305,-1313.7397184144306,-14.712266460162034,-14.533762232873395,True,0.0,True,0.0,0.9998473709648699
L7_thesis_like,marl,11202,v2,audit_rerun,-3.7057658949737116,-0.3962578992608017,-101.17116401635833,True,140.3016136774339,True,-970.0230716524288,971.5725824415161,-973.1412991706433,-14.14925696166864,-14.689635546488722,True,0.0,True,0.0,0.9998473709648699
L7_thesis_like,marl,123,original,audit_rerun,-4.275444231220781,-0.25129901912434577,-103.5069522230188,True,141.84882028309207,True,-1352.778564471228,1356.3720082330597,-1356.3720024540016,-14.533649412656137,-14.35019343395978,True,0.0,True,0.0,0.9997201801022615
L7_thesis_like,marl,123,v2,audit_rerun,-3.7732845664848247,-0.40323463220351724,-101.73381964536057,True,142.0280278861116,True,-970.9350325267883,973.7486618700236,-974.6414334240766,-13.929402702614942,-14.31404645242624,True,0.0,True,0.0,0.9997201801022615
L7_thesis_like,marl,2025,original,audit_rerun,153.7140179242129,7.538194875599518,1213.0719461651954,False,20.833435344336774,True,1213.7095211023397,20.76937652088877,-7.49339377063426,9.963436028054753,9.783128025535147,False,0.0,False,0.9996947419297397,0.00015262903513011626
L7_thesis_like,marl,2025,v2,audit_rerun,86.8857627125716,6.303704925309967,653.7582710278089,False,20.387232143122045,True,654.4096295941729,20.315755655595392,-10.022496770231893,7.304826426197926,7.0421554767624785,False,0.0,False,0.9996947419297397,0.00015262903513011626
L7_thesis_like,marl,3007,original,audit_rerun,117.917070992945,6.300837158921822,914.7640443886703,False,19.842024825119527,True,915.4488819595621,19.779055603803098,-0.5917593634452212,8.75266838813641,8.268985561248073,False,0.0,False,0.9998473709648699,0.0
L7_thesis_like,marl,3007,v2,audit_rerun,64.6631307732558,4.954860151251655,468.5696641688212,False,18.952076446828066,True,469.23173709739405,18.89619186358559,-0.5345892379039596,5.691339932010605,5.339786888632998,False,0.0,False,0.9998473709648699,0.0
L7_thesis_like,marl,42,original,audit_rerun,161.2763520873267,7.635426748336723,1276.09139978125,False,41.658919269990015,True,1276.6646680089275,41.53741570806956,-41.537415976985656,10.23416609769422,10.169661962279436,False,0.0,False,0.9933097606267965,0.0065376103380733125
L7_thesis_like,marl,42,v2,audit_rerun,106.54095995299913,7.30909236580033,817.5515878785341,False,43.88220103020912,True,818.1756525373231,43.76082039549301,-43.760820654181906,8.45720288071473,8.388439819932412,False,0.0,False,0.9938948385947953,0.0059525323700745335
L7_thesis_like,marl,5001,original,audit_rerun,1.2440269350020516,0.019812791497829992,-57.51135890486372,True,123.85857561816134,True,-557.5923017385388,512.4173237487778,-602.96555580562,-8.743765338046195,-8.86591315244011,True,0.0,True,0.2588588435806772,0.7409885273841927
L7_thesis_like,marl,5001,v2,audit_rerun,-2.8762681446250826,-0.8621382679473893,-94.25868273165719,True,113.9255026500777,True,-428.1234277135219,367.96514349002416,-435.25297812944626,-8.973372748017095,-9.161794871541366,True,0.0,True,0.12584263946478086,0.8740047315000891
L7_thesis_like,marl,7,original,audit_rerun,-5.4759294301828465,-0.28632966646524494,-113.51099553899151,True,162.13392909826055,True,-1399.9966734356972,1403.169253368783,-1403.5256996001747,-14.3864983095081,-14.251951327616235,True,0.0,True,0.0,0.9998473709648699
L7_thesis_like,marl,7,v2,audit_rerun,-4.540751738583104,-0.43482124500468333,-108.12937941177636,True,152.47369113068717,True,-1011.3924078953677,1012.9883157663528,-1015.1189016365009,-13.966702594574867,-14.205016705859965,True,0.0,True,0.0,0.9998473709648699
L7_thesis_like,marl,8102,original,audit_rerun,-5.541599953226195,-0.2891950479514384,-114.058250119589,True,162.776450567145,True,-1363.488601979722,1366.6697598821718,-1367.008067143808,-14.245280522231157,-14.092415292754621,True,0.0,True,0.0,0.9998473709648699
L7_thesis_like,marl,8102,v2,audit_rerun,-4.554041122260955,-0.434849025563407,-108.2401244211655,True,153.59081715878187,True,-979.2160118835969,981.1121622491814,-982.943700640806,-13.758975721254993,-13.977869916804606,True,0.0,True,0.0,0.9998473709648699
L7_thesis_like,marl,9005,original,audit_rerun,-5.573361403785338,-0.2950576366042616,-114.32292910311233,True,164.1019361042231,True,-1352.114793044027,1319.4549283818014,-1355.5681135739692,-14.072094105182947,-13.924334484658058,True,0.0,True,0.00010175269008674417,0.9988552822365241
L7_thesis_like,marl,9005,v2,audit_rerun,-4.5629373357943255,-0.4431866120359054,-108.31425968178942,True,153.13282785995602,True,-970.5137334148627,953.8496445954262,-974.1932002392107,-13.606279340337782,-13.786087817303109,True,0.0,True,0.00020350538017348835,0.9992622929968711
L8_pctmtm_nosolv,anchor,7,original,audit_rerun,8.08713874437279,181.04457050855345,-0.6502053504586769,False,0.6502355246499172,True,-0.5060490928789796,0.5061380940907689,-0.5061385517424744,-10.089651425765675,-10.408869941809904,False,0.0,False,0.22739182417135154,0.5879016051486862
L8_pctmtm_nosolv,anchor,7,v2,audit_rerun,8.417536507323199,182.51334043349712,-0.27591942504903155,False,0.27594467888139285,True,-0.13795759466126434,0.1379571353160136,-0.13795759466126434,-8.6942605771705,-13.902057357396703,False,0.0,False,0.24524942128157512,0.7304825621327364
L8_pctmtm_nosolv,marl,123,original,audit_rerun,8.170479946703413,182.8919221905239,0.04430623339632955,False,0.12095641844346683,True,0.2753249894094312,0.07130706412238341,-0.048088748217500754,4.823457822736983,6.4144813527984335,False,0.0,False,0.26081758286484696,0.7390297881000228
L8_pctmtm_nosolv,marl,123,v2,audit_rerun,8.429495192973668,182.70548973812376,-0.17626195549670376,False,0.17633056929514537,True,0.036116431248700565,0.017282424084008596,-0.01724664870088599,2.0969079262946515,3.409065183904572,False,0.0,False,0.2536440182137315,0.7462033527511384
L8_pctmtm_nosolv,marl,42,original,audit_rerun,8.147553145747377,183.6508404329718,-0.14674888684089726,False,0.14674888684089554,True,0.10997290327563469,0.05964430615101879,-0.05964476585651468,1.7762036514582868,0.86532055536535,False,0.0,False,0.47007199002823635,0.5297753809366336
L8_pctmtm_nosolv,marl,42,v2,audit_rerun,8.414525373543302,182.67827713240732,-0.3010087003707196,False,0.3010087003707249,True,-0.05599940506204604,0.05613784006497369,-0.05599940506204604,-3.470818063719352,-6.9238058767813255,False,0.0,False,0.4581669252880873,0.5416804456767825
L8_pctmtm_nosolv,marl,7,original,audit_rerun,8.077563438813339,180.53689672527562,-0.7299995638210599,False,0.7309361317549792,True,-0.5851060183589607,0.5866593249650442,-0.5853346336821219,-11.490411844050877,-11.973810885939736,False,0.0,False,0.06212001729795732,0.9377273536669126
L8_pctmtm_nosolv,marl,7,v2,audit_rerun,8.414127452633146,182.43372467253647,-0.3043282142635717,False,0.30446074708481347,True,-0.17303283024253657,0.1737206541471248,-0.17306015748604908,-11.464513645075497,-14.952211847366572,False,0.0,False,0.05860954948996464,0.9412378214749052
L0_strict,marl,42,original,frozen_campaign,8.168776759183993,172.49784638122262,0.030114564797867338,False,0.22447595413349813,False,0.13805135942472901,0.14922581929844858,-0.026592761483679173,1.0977781829651294,0.8736040378377381,False,1.0,False,0.4714456513444074,0.5284017196204625
L0_strict,marl,42,v2,frozen_campaign,8.418136230304185,175.90266143373935,-0.2709182261669274,False,0.3156311318571302,False,-0.16339949006274335,0.23258486154499325,-0.20122474679249436,-0.8845290932029768,0.04256923891528305,False,1.0,False,0.46457734476355217,0.5352700262013177
L0_strict,marl,123,original,frozen_campaign,8.1069744147654,171.04623245031374,-0.48490654344678363,False,0.555608746294979,False,-0.40176810830107046,0.4775828343923427,-0.41650357613302047,-2.587954578289765,-2.270156845064604,False,1.0,False,0.26173335707562767,0.7381140138892422
L0_strict,marl,123,v2,frozen_campaign,8.405751433871146,175.53244208319563,-0.3741266190739223,False,0.37615462808546546,False,-0.2994503538974125,0.3025232602473005,-0.2994503538974125,-1.6267457816404145,-2.376888447413869,False,1.0,False,0.254254534354252,0.7455928366106179
L0_strict,marl,2025,original,frozen_campaign,8.193910466852405,173.3497273645788,0.23956213620166533,False,0.13074809511594568,False,0.3020914909475758,0.12200860960761561,-0.029476438537168193,2.0511432919234602,1.3531332458152439,False,1.0,False,0.7025260105314034,0.29732136043346646
L0_strict,marl,2025,v2,frozen_campaign,8.457261031932362,175.94342602801757,0.05512180036748582,False,0.1425112842686909,False,0.1134214511053111,0.1087520835022171,-0.002121896843521043,2.667827061891686,1.7661778398460586,False,1.0,False,0.6860420747373509,0.313805296227519
L0_strict,marl,3007,original,frozen_campaign,8.206341116032355,173.42144427758305,0.3431508830776142,False,0.13089314010004416,False,0.40494730945619395,0.12256394048896224,-0.016492245890631363,2.382647775417186,2.0687858025952077,False,1.0,False,0.6417796545496172,0.3580677164152527
L0_strict,marl,3007,v2,frozen_campaign,8.459284998334082,175.90222423766588,0.07198818771922966,False,0.1482584983996479,False,0.1287316786340087,0.10984162913897366,-0.0010094613002276098,2.9941091887271756,2.0638339169144757,False,1.0,False,0.6459006384981303,0.3539467324667396
L0_strict,marl,5001,original,frozen_campaign,8.16514912132642,173.20023158581665,-0.0001188728546708262,False,0.11343952087285629,False,0.0007858102320623672,0.11287201321066309,-0.10865195163635155,0.0073475270139295576,-0.5807958475863179,False,1.0,False,0.4133194271323548,0.586527943832515
L0_strict,marl,5001,v2,frozen_campaign,8.465585753384609,175.1181811453205,0.12449096063777976,False,0.06881870371735824,False,0.1247971028320638,0.06876436965151944,-0.06071591296733514,0.670717359479974,-0.7412786258951055,False,1.0,False,0.4191193304672992,0.5807280404975707
L0_strict,marl,8102,original,frozen_campaign,8.116165800140852,171.2051138966143,-0.40831166377032213,False,0.5215167331541829,False,-0.33637635501392316,0.45477481826504684,-0.36725915727339187,-1.9098557099688418,-1.3603143015899795,False,1.0,False,0.0,0.9998473709648699
L0_strict,marl,8102,v2,frozen_campaign,8.416032075117919,175.79614735049682,-0.288454606783517,False,0.3005376771466088,False,-0.22080505432844344,0.2660940641110776,-0.2593229916494466,-1.1995417760879832,-0.9645588573202601,False,1.0,False,0.0,0.9998473709648699
L0_strict,marl,9005,original,frozen_campaign,8.107099359860781,171.0593939321104,-0.48386378130133023,False,0.5893583935351847,False,-0.3739746243307307,0.4867598166760856,-0.40119576336378193,-2.161124386293386,-1.6821296180114438,False,1.0,False,0.10928238915316324,0.8905649818117066
L0_strict,marl,9005,v2,frozen_campaign,8.436024894999195,175.85346269150548,-0.12184601444670262,False,0.19591090086329013,False,-0.012505286980601937,0.1307856920643613,-0.04131466932729699,-0.2982952521859833,-0.8512589692268282,False,1.0,False,0.10241408257230801,0.8974332883925619
L0_strict,marl,10001,original,frozen_campaign,8.170635085722688,172.73584145507925,0.04560061984144603,False,0.14824080266697243,False,0.1553629784453392,0.09690752449366125,-0.006269878263254203,1.3263756372734357,1.9993165244286812,False,1.0,False,0.3061484062984915,0.6936989646663784
L0_strict,marl,10001,v2,frozen_campaign,8.441581164425793,177.3790651037483,-0.07554376738369006,False,0.1490305872520679,False,0.033689328985508915,0.13088421558785646,-0.07089283832910631,0.3567983888030722,1.5729023567580704,False,1.0,False,0.323853374373585,0.6759939965912849
L0_strict,marl,11202,original,frozen_campaign,8.117614546891016,171.42848316737195,-0.3962403283052418,False,0.46086346383970805,False,-0.39523476355690645,0.4600375542181734,-0.40423406888506763,-2.5626380921882355,-2.158016496288082,False,1.0,False,0.25504311770242427,0.7448042532624456
L0_strict,marl,11202,v2,frozen_campaign,8.411054486654002,175.8722006052641,-0.32993626420746436,False,0.33227443677101237,False,-0.32953033669680387,0.3318895184280968,-0.3301746169037001,-1.7920656198836638,-2.954067364685361,False,1.0,False,0.25290631121060264,0.7469410597542673
L0_strict,feasible,42,original,frozen_campaign,8.212384766139301,175.25394246143196,0.393514635772485,False,0.0907207453059179,False,0.5011841265516459,0.08219519450971546,-0.00017326778666282294,3.7092372944960665,4.233349968421009,False,1.0,False,0.18491007606013585,0.4541985703747043
L0_strict,feasible,42,v2,frozen_campaign,8.49539699819617,175.64403403661242,0.37292153187102883,False,0.027362110248365424,False,0.48034117257644837,0.014797057329141161,-0.0001934359696420529,2.606306667790202,5.973885288179436,False,1.0,False,0.1840451781943985,0.4769402966090916
L0_strict,feasible,123,original,frozen_campaign,8.215763262082909,175.25144566892249,0.4216672025165291,False,0.08935914176503021,False,0.5045328116445091,0.08127600816959513,-0.00017085334440558597,3.765342904300868,4.320523429930803,False,1.0,False,0.18478288519752742,0.4541985703747043
L0_strict,feasible,123,v2,frozen_campaign,8.498414561725177,175.94954343691788,0.39806613017348,False,0.014884664652308057,False,0.4726411432160793,0.015014658850964757,-0.0001934346574361534,2.641940122868145,6.053277649569233,False,1.0,False,0.1840451781943985,0.4770674874717
L0_strict,feasible,2025,original,frozen_campaign,8.218888338082063,175.83183881591935,0.447711070569512,False,0.07577506174692195,False,0.5099701600763007,0.070553329015699,-0.00017285405626843442,3.8393386828189224,4.297366494881952,False,1.0,False,0.18478288519752742,0.4541985703747043
L0_strict,feasible,2025,v2,frozen_campaign,8.501345090870217,175.57996347242852,0.42248897279260067,False,0.015203731563836193,False,0.4806883615931179,0.014381604833024753,-0.0001934359696420529,2.6090977763332575,5.989735470538109,False,1.0,False,0.1840451781943985,0.4769402966090916
L0_strict,feasible,3007,original,frozen_campaign,8.216859699021285,175.36387227690852,0.43080574445759634,False,0.08466807735950235,False,0.49232960228908773,0.07963580415972782,-0.00017329364959683957,3.68161712305875,4.19958696786824,False,1.0,False,0.18478288519752742,0.4541985703747043
L0_strict,feasible,3007,v2,frozen_campaign,8.498552333939525,177.13406440851438,0.399215997444724,False,0.013070994826546698,False,0.45585760811552856,0.012233662315497273,-0.00019342899273411263,2.761147843944796,6.158843270249269,False,1.0,False,0.1840451781943985,0.4769402966090916
L0_strict,feasible,5001,original,frozen_campaign,8.225482139787665,175.52397057901794,0.5026562833016612,False,0.08362322840504255,False,0.5032984750227065,0.0835182328246864,-0.0001732300427881306,3.7033325505165067,4.246352526680741,False,1.0,False,0.18478288519752742,0.4541985703747043
L0_strict,feasible,5001,v2,frozen_campaign,8.508443978560587,175.9714330863164,0.48164283874707614,False,0.014814923367292301,False,0.48185072083493097,0.01480304082287498,-0.00019343596283638576,2.6136401642716858,5.991652842538952,False,1.0,False,0.1840451781943985,0.4769402966090916
L0_strict,feasible,8102,original,frozen_campaign,8.217331185690902,175.37853562325878,0.43473323284726195,False,0.08802361593159458,False,0.5063997761283856,0.08151347329881098,-0.0001711689590067067,3.751195916996607,4.291440650327916,False,1.0,False,0.18478288519752742,0.4541985703747043
L0_strict,feasible,8102,v2,frozen_campaign,8.500327674103158,175.6801328182563,0.41400873367696267,False,0.015857448855184385,False,0.4815585562965907,0.014865806543129523,-0.00019343596624477044,2.612282524625441,5.992764789829008,False,1.0,False,0.1840451781943985,0.4770674874717
L0_strict,feasible,9005,original,frozen_campaign,8.213214282462422,175.58079404136555,0.4004272720459445,False,0.08392841126570082,False,0.510045342133858,0.07646087235188004,-0.00017140326459275101,3.8090132731658954,4.28447702636771,False,1.0,False,0.18478288519752742,0.4541985703747043
L0_strict,feasible,9005,v2,frozen_campaign,8.495061413649395,175.63300188694018,0.37012499387008013,False,0.028174680551287117,False,0.4793643243935497,0.014754490537061127,-0.0001934359696420529,2.6014630061447583,5.964842210370384,False,1.0,False,0.1840451781943985,0.4769402966090916
L0_strict,feasible,10001,original,frozen_campaign,8.209920953253391,175.92901816877531,0.3729828609880137,False,0.0917392705950911,False,0.4824790518735078,0.08306142658910387,-0.00017323856774664748,3.6379189656007944,4.195385186044562,False,1.0,False,0.18491007606013585,0.4541985703747043
L0_strict,feasible,10001,v2,frozen_campaign,8.494152763037999,175.93383330199225,0.3625529051406895,False,0.028013709913771053,False,0.47168611662709026,0.014877380477162916,-0.0001934359696420529,2.618539521730588,5.962594526378107,False,1.0,False,0.1840451781943985,0.4769402966090916
L0_strict,feasible,11202,original,frozen_campaign,8.225827615608683,175.5864037068861,0.5055352484899966,False,0.08168272585224372,False,0.5062741109916891,0.0815884405565237,-0.00017322894687588075,3.744879798834325,4.275733299455165,False,1.0,False,0.18491007606013585,0.4541985703747043
L0_strict,feasible,11202,v2,frozen_campaign,8.508373228229015,175.98091695001628,0.48105325264795606,False,0.014818681260198415,False,0.4813601395681433,0.01480681678078799,-0.00019343596283638576,2.6113671145719266,5.993712568289276,False,1.0,False,0.1840451781943985,0.4769402966090916
