variant,agent,region,n,investor_return_mean,investor_return_min,investor_return_max,investor_max_dd_mean,ruined_share,sleeve_ruined_share,investor_daily_sharpe,fund_10min_sharpe
L0_strict,anchor,original,1,0.5032775682773272,0.5032775682773272,0.5032775682773272,0.08351914311188757,0.0,0.0,3.703197907027534,175.52434002607447
L0_strict,anchor,v2,1,0.4818506934186839,0.4818506934186839,0.4818506934186839,0.014803040973898618,0.0,0.0,2.6136399698025863,175.9716234278086
L0_strict,feasible,original,10,0.5022452638476294,0.4824790518735078,0.510045342133858,0.08035042321861585,0.0,0.0,3.735691884075334,175.5478650389995
L0_strict,feasible,v2,10,0.47612007725152505,0.45585760811552856,0.48185072083493097,0.014535279605449869,0.0,0.0,2.6321451855905202,175.9817776163889
L0_strict,marl,original,10,-0.0754795944375597,-0.40176810830107046,0.40494730945619395,0.28674397262444695,0.0,0.0,-0.3963915187518395,172.17346636398355
L0_strict,marl,v2,10,-0.08561272611382287,-0.32953033669680387,0.1287316786340087,0.1951262600671455,0.0,0.0,-0.03687302750258792,175.93493939659112
L0_strict,marl_trained_price_taker,original,3,0.01696476030813206,-0.33622742852066345,0.29576923692118395,0.20997920909746984,0.0,0.0,0.22349614548361108,172.27722741174134
L0_strict,marl_trained_price_taker,v2,3,-0.008985312147550642,-0.0820550424127986,0.11339321040990669,0.1299798444394503,0.0,0.0,-0.19562574688103748,175.2184433406014
L1_price_taker,anchor,original,1,154.46830155383267,154.46830155383267,154.46830155383267,12.846115824239456,0.0,0.0,3.6652897857063076,5.48564046427769
L1_price_taker,anchor,v2,1,480.2183663820101,480.2183663820101,480.2183663820101,12.521822271672978,0.0,0.0,5.495574897512033,6.517991524296928
L1_price_taker,feasible,original,10,140.24201137287235,67.98558291218266,222.93734421501887,12.222029404544674,0.0,0.0,3.5203880480167853,5.592011724665038
L1_price_taker,feasible,v2,10,425.6919359666672,172.00668114860886,712.493863047413,10.77848001110545,0.0,0.0,5.629728175802165,6.879318307083038
L1_price_taker,marl,original,10,-96.76328935714619,-99.67648346302676,-95.16051526956096,96.97048716511397,1.0,1.0,-1.8212562661002867,-1.9331846197756295
L1_price_taker,marl,v2,10,-97.03391958473819,-100.51410201742878,-94.83717468577797,97.1843131495194,0.9,1.0,-1.9966576869405048,-2.049162246689313
L1_price_taker,marl_trained_price_taker,original,3,-95.41930707409874,-96.43684990763765,-94.89808881188044,95.48032454648308,0.3333333333333333,1.0,-2.360146046971795,-2.6192758111819514
L1_price_taker,marl_trained_price_taker,v2,3,-96.50995176386046,-96.85933696625116,-96.20296778461224,96.61117973029364,1.0,1.0,-2.278298519034616,-2.702596399852005
L2_no_solvency,anchor,original,1,0.5032775682773272,0.5032775682773272,0.5032775682773272,0.08351914311188757,0.0,0.0,3.703197907027534,175.52434002607447
L2_no_solvency,anchor,v2,1,0.4818506934186839,0.4818506934186839,0.4818506934186839,0.014803040973898618,0.0,0.0,2.6136399698025863,175.9716234278086
L2_no_solvency,feasible,original,10,0.5022452638476294,0.4824790518735078,0.510045342133858,0.08035042321861585,0.0,0.0,3.735691884075334,175.5478650389995
L2_no_solvency,feasible,v2,10,0.47612007725152505,0.45585760811552856,0.48185072083493097,0.014535279605449869,0.0,0.0,2.6321451855905202,175.9817776163889
L2_no_solvency,marl,original,10,-0.0754795944375597,-0.40176810830107046,0.40494730945619395,0.28674397262444695,0.0,0.0,-0.3963915187518395,172.17346636398355
L2_no_solvency,marl,v2,10,-0.08561272611382287,-0.32953033669680387,0.1287316786340087,0.1951262600671455,0.0,0.0,-0.03687302750258793,175.93493939659112
L3_price_taker_no_solvency,anchor,original,1,154.46830155383267,154.46830155383267,154.46830155383267,12.846115824239456,0.0,0.0,3.6652897857063076,5.48564046427769
L3_price_taker_no_solvency,anchor,v2,1,480.2183663820101,480.2183663820101,480.2183663820101,12.521822271672978,0.0,0.0,5.495574897512033,6.517991524296928
L3_price_taker_no_solvency,feasible,original,10,140.24201137287235,67.98558291218266,222.93734421501887,12.222029404544674,0.0,0.0,3.5203880480167853,5.592011724665038
L3_price_taker_no_solvency,feasible,v2,10,425.6919359666672,172.00668114860886,712.493863047413,10.77848001110545,0.0,0.0,5.629728175802165,6.879318307083038
L3_price_taker_no_solvency,marl,original,10,-2128.6730680847836,-3338.0722501596238,-737.1123388771707,2159.2208935542117,1.0,1.0,-4.4027128714518735,0.431740554133035
L3_price_taker_no_solvency,marl,v2,10,-1826.8022807282346,-2960.1224397087162,-971.2330281042184,1819.8303199143968,1.0,1.0,-3.971421890184549,0.41266062438206896
L4_load_proxy_liquidity,anchor,original,1,62.76664009855371,62.76664009855371,62.76664009855371,3.947141041293467,0.0,0.0,6.087175486624696,12.425939549070634
L4_load_proxy_liquidity,anchor,v2,1,98.94433106422929,98.94433106422929,98.94433106422929,1.88355823184585,0.0,0.0,10.012071919574394,17.36168110617393
L4_load_proxy_liquidity,feasible,original,3,61.72050661358088,61.44754666407144,61.86255929005624,3.89333706448501,0.0,0.0,6.082266018823173,12.46640828830865
L4_load_proxy_liquidity,feasible,v2,3,97.2221467808002,95.74580922267629,98.18627164389768,1.943111399542282,0.0,0.0,10.034595498518748,17.36808402470439
L4_load_proxy_liquidity,marl,original,3,-30.301326429885208,-50.99312639691615,-11.32949691347086,35.34483200008708,0.0,0.0,-2.191062053315052,2.0942788071616767
L4_load_proxy_liquidity,marl,v2,3,1.9326822183216426,-5.689680437016509,13.593915032274895,14.190979722402341,0.0,0.0,0.18935014893930116,5.6188783649669665
L5_percent_payoff,anchor,original,1,-0.01808226704549387,-0.01808226704549387,-0.01808226704549387,0.018081807148828677,0.0,0.0,-45454.7423334891,186.96285618467923
L5_percent_payoff,anchor,v2,1,-0.01808226704549387,-0.01808226704549387,-0.01808226704549387,0.018081807148828677,0.0,0.0,-45454.7423334891,183.71019356069615
L5_percent_payoff,marl,original,3,-95.87537713913271,-97.52061811168926,-94.92098054407111,95.94133671773085,0.6666666666666666,1.0,-1.7439360185513832,-1.822679990730423
L5_percent_payoff,marl,v2,3,-95.43416295087405,-95.8416640631915,-94.88846982770848,95.43416292987213,0.6666666666666666,1.0,-2.262225270438927,-2.0913460230801593
L6_interpolated_prices,anchor,original,1,0.503277716352768,0.503277716352768,0.503277716352768,0.08351914360082979,0.0,0.0,3.7031990602146023,176.37732379099083
L6_interpolated_prices,anchor,v2,1,0.17615765061418376,0.17615765061418376,0.17615765061418376,0.05372283546216661,0.0,0.0,5.049443008040471,180.69109717360763
L6_interpolated_prices,feasible,original,3,0.5032446763943321,0.4994030736171995,0.507504814537385,0.08221553268955573,0.0,0.0,3.7308151892126404,176.36875540018548
L6_interpolated_prices,feasible,v2,3,0.17551715343363158,0.1711264686748759,0.18020714625222034,0.0521964518942634,0.0,0.0,5.027429094738591,180.57659846461183
L6_interpolated_prices,marl,original,3,-0.17543443424682023,-0.37580897790916445,0.05359460735923083,0.3217020412586831,0.0,0.0,-1.135812771985756,172.85101359920486
L6_interpolated_prices,marl,v2,3,-0.19374330323020938,-0.2876219823652826,-0.0547431864663106,0.24836144396112406,0.0,0.0,-1.1031542020526466,177.00057711835373
L7_minus_interp,anchor,original,1,-75.5340931756961,-75.5340931756961,-75.5340931756961,75.54666284234641,0.0,0.0,-6.643230840250281,-1.690481970541434
L7_minus_interp,anchor,v2,1,-89.57525619261611,-89.57525619261611,-89.57525619261611,89.59488986281194,0.0,0.0,-8.570238542591289,-2.9344940858042583
L7_minus_interp,marl,original,3,-3717.422637319529,-6812.192434546326,1570.7790926920622,4257.991998334018,0.6666666666666666,0.6666666666666666,-7.831596520156009,1.9398633110809513
L7_minus_interp,marl,v2,3,-1918.08801433875,-4122.7515574560375,2176.0756461349647,2663.1379426048447,0.6666666666666666,0.6666666666666666,-7.072355443308235,2.316409841980143
L7_minus_legacy_fee,anchor,original,1,-35.80761349684343,-35.80761349684343,-35.80761349684343,35.83597860482772,0.0,0.0,-10.307942800046778,6.952290270675088
L7_minus_legacy_fee,anchor,v2,1,-41.323136325629115,-41.323136325629115,-41.323136325629115,41.368436674696085,0.0,0.0,-10.214624392784641,7.319084373186327
L7_minus_legacy_fee,marl,original,3,-492.0368566326659,-1399.9966734356972,1276.6646680089275,933.6928924366375,0.6666666666666666,0.6666666666666666,-6.228660541490005,2.365932687582377
L7_minus_legacy_fee,marl,v2,3,-388.05059596161095,-1011.3924078953677,818.1756525373231,676.8325993439565,0.6666666666666666,0.6666666666666666,-6.479634138825027,2.157012162864043
L7_minus_no_solvency,anchor,original,1,-20.366567123727364,-20.366567123727364,-20.366567123727364,20.417393970255826,0.0,0.0,-13.349176024848425,17.63978454568921
L7_minus_no_solvency,anchor,v2,1,-10.623468581916839,-10.623468581916839,-10.623468581916839,10.655528699134697,0.0,0.0,-9.138652795077782,45.303003999572105
L7_minus_no_solvency,marl,original,3,-94.78165485021805,-94.84131766086573,-94.70543851666669,94.91174846628103,0.0,1.0,-4.82409138251344,-3.7796028357942464
L7_minus_no_solvency,marl,v2,3,-94.88880266978491,-95.03273282527684,-94.80162467983308,95.00726671893013,0.3333333333333333,1.0,-4.772954645901044,-4.172045668836765
L7_minus_percent_mtm,anchor,original,1,130.67009732430654,130.67009732430654,130.67009732430654,10.474196383867785,0.0,0.0,3.958850890690914,6.0315781500258305
L7_minus_percent_mtm,anchor,v2,1,71.76734330408014,71.76734330408014,71.76734330408014,31.912711510310178,0.0,0.0,2.227153356172779,5.447528378565876
L7_minus_percent_mtm,marl,original,3,-2926.2578062565203,-3654.552006357711,-1821.8287641423951,2853.4168918485325,1.0,1.0,-5.101077169369071,1.2767576668772034
L7_minus_percent_mtm,marl,v2,3,-3034.07199906753,-3276.4577269922156,-2728.1376965220616,2960.643195779454,1.0,1.0,-4.837796097022366,1.584295116164082
L7_minus_price_taker,anchor,original,1,-0.1478990311724493,-0.1478990311724493,-0.1478990311724493,0.14815622215298418,0.0,0.0,-9.473241630018775,186.8694313624973
L7_minus_price_taker,anchor,v2,1,-0.05461548306010533,-0.05461548306010533,-0.05461548306010533,0.05463003314458703,0.0,0.0,-11.985499418203942,184.47723189802477
L7_minus_price_taker,marl,original,3,-0.028513769940563538,-0.1923377989399122,0.1316738593948985,0.09012534760506341,0.0,0.0,-1.63864322065861,187.10710966792064
L7_minus_price_taker,marl,v2,3,-0.03127409218353824,-0.08014384823844534,0.03187763787497744,0.04406646616281392,0.0,0.0,-6.199198099244021,184.2729042327736
L7_minus_sweeper,anchor,original,1,-35.80761349684343,-35.80761349684343,-35.80761349684343,35.83597860482772,0.0,0.0,-10.307942800046778,6.952290270675088
L7_minus_sweeper,anchor,v2,1,-41.323136325629115,-41.323136325629115,-41.323136325629115,41.368436674696085,0.0,0.0,-10.214624392784641,7.319084373186327
L7_minus_sweeper,marl,original,3,-298.8565189399604,-1399.9966734356972,1856.205681087044,933.6928924366375,0.6666666666666666,0.6666666666666666,-5.869442005022168,2.5523738352705503
L7_minus_sweeper,marl,v2,3,-301.1698342761898,-1011.3924078953677,1078.8179375935865,676.8325993439565,0.6666666666666666,0.6666666666666666,-6.173687834821948,2.363855175940317
L7_thesis_like,anchor,original,1,-35.80761349684343,-35.80761349684343,-35.80761349684343,35.83597860482772,0.0,0.0,-10.307942800046778,6.952290270675088
L7_thesis_like,anchor,v2,1,-41.323136325629115,-41.323136325629115,-41.323136325629115,41.368436674696085,0.0,0.0,-10.214624392784641,7.319084373186327
L7_thesis_like,feasible,original,3,-34.57653852916612,-44.627626714433624,-26.996561731127677,34.64280237366756,0.0,0.0,-10.38723612154319,8.799688744379514
L7_thesis_like,feasible,v2,3,-40.85312689923782,-46.64062835743269,-36.737301858022384,40.901027415641785,0.0,0.0,-10.253588762282021,7.789957438344628
L7_thesis_like,marl,original,10,-534.7638054091274,-1416.8017993252797,1276.6646680089275,877.3157040379401,0.7,0.7,-6.361816612652004,1.9889078737516772
L7_thesis_like,marl,v2,10,-430.73823658122564,-1011.3924078953677,818.1756525373231,626.6650149509712,0.7,0.7,-6.790577228790009,1.515601089725146
L8_pctmtm_nosolv,anchor,original,1,-0.5060490928789796,-0.5060490928789796,-0.5060490928789796,0.5061380940907689,0.0,0.0,-10.089651425765675,181.04457050855345
L8_pctmtm_nosolv,anchor,v2,1,-0.13795759466126434,-0.13795759466126434,-0.13795759466126434,0.1379571353160136,0.0,0.0,-8.6942605771705,182.51334043349712
L8_pctmtm_nosolv,marl,original,3,-0.06660270855796495,-0.5851060183589607,0.2753249894094312,0.23920356507948215,0.0,0.0,-1.6302501232852025,182.35988644959045
L8_pctmtm_nosolv,marl,v2,3,-0.06430526801862735,-0.17303283024253657,0.036116431248700565,0.08238030609870235,0.0,0.0,-4.279474594166732,182.60583051435583
