area,group,n,zero_share,alpha_upper,alpha_lower,alpha_abs,top01_share_sq,likely_dir,p_likely,E_up,E_down,pi_star,pi_up,mean,median,likely_bet_all,likely_bet_ex_top1,erased_frac
DK1,T,55008,0.20017088423502036,1.3697175843183327,2.158001561265603,1.6228470328822078,0.4240966167895894,down(s<0),0.6885242175602883,135.34127481027437,57.56981612913875,0.29842667857401467,0.3114757824397118,2.0134233202443275,-10.4,-2.0134233202443275,8.745633986448025,1.2302203960701155
DK2,T,55008,0.2823043920884235,1.4420660895451296,2.036834762791584,2.1908284292148617,0.4537012308674753,down(s<0),0.7245370956711162,193.24583264367817,71.45451335477556,0.2699449186031399,0.2754629043288837,1.04827534176847,-5.34,-1.04827534176847,9.394867877407862,1.11157957253335
SE4,T,55007,0.1847583034886469,1.4423297447242711,2.868499760070389,1.3496250187216772,0.6520738453799582,down(s<0),0.6597092141646597,87.45049410222805,49.42360701730666,0.36108808469283826,0.3402907858353403,-2.320676459359719,-3.21,2.320676459359719,11.762300756574112,0.8027021662354059
FI,T,55007,0.009816932390423036,1.4928581104012304,2.4703717183465157,1.8763027041270588,0.7293228770180009,down(s<0),0.6253327703012833,76.31890821776842,49.33466823253083,0.3926244650270226,0.37466722969871663,-2.234240005817442,-9.81,2.234240005817442,6.066916225943882,0.6317338294102055
SE3,-,55007,0.16201574345083353,1.4001022576657494,2.501228214305472,1.3781032955088057,0.7012260301173453,down(s<0),0.6285280399175616,69.80103895345441,42.828615559850896,0.380260560550609,0.37147196008243843,-0.8294846110495026,-2.13,0.8294846110495026,7.098523578669019,0.8831468823260524
NO1,H,55007,0.25936698965586197,1.640135099127923,3.3133580107798957,2.4118007231756162,0.8717914406569778,down(s<0),0.5946735395189003,15.315634954278446,13.680008255252405,0.47179530236307343,0.40532646048109966,-1.4274270547384877,0.0,1.4274270547384877,1.7930031585132953,0.20389038470960213
NO2,H,55007,0.17157816277928264,1.4480326491603992,3.341255916494029,2.280895988158169,0.8647496982018816,down(s<0),0.6763369834756084,16.622584582005558,13.98757527579494,0.45695858305785475,0.32366301652439156,-3.3801256203755883,-2.44,3.3801256203755883,3.946247796386073,0.14345834453906642
NO3,H,55007,0.10802261530350683,1.007077592457891,2.643903186133362,1.6860507480219273,0.9788470081698168,down(s<0),0.6764903699174565,28.587246897246896,13.563866293082672,0.32179141347551726,0.3235096300825436,0.06460123257040007,-3.02,-0.06460123257040007,3.795967386513882,1.0170183845098122
NO4,H,55007,0.14372716199756394,1.030698099664239,1.3044580789585167,1.2930553711817105,0.9603167337431632,down(s<0),0.6062291671089786,34.01234862781043,13.391517475660153,0.2824984242093224,0.39377083289102144,4.516618612176631,-0.7,-4.516618612176631,-0.2473638784317324,
NO5,H,55007,0.1514352718744887,1.7299800137467345,3.3321608630039354,2.157256188387062,0.9618501070613347,up(s>0),0.6019452835443581,10.910723208883509,8.478089343379978,0.4372670745321239,0.6019452835443581,2.709394986092679,0.05,2.709394986092679,1.5244443220214487,-0.7773000607198026
SE1,H,55007,0.09736942570945516,2.7474256610014773,2.095041699519385,2.295644438463661,0.8508682309151334,down(s<0),0.6508026021630984,30.47029818894913,26.306341720050753,0.46333037253021436,0.34919739783690157,-5.84912447506681,-3.78,5.84912447506681,4.2670511972969,-0.37076500951573405
SE2,H,55007,0.10407766284291091,1.4819417207927796,1.9576321422177403,1.6858561710442488,0.8604354795772263,down(s<0),0.6286270849397346,37.76380395585182,26.540821497740474,0.4127358072693324,0.37137291506026543,-2.3829968913047432,-2.71,2.3829968913047432,2.481115212281475,0.039546055939300155
