liability,algo,region,step,RS,P01,P1,rep,led,inflation,ML
FL,DQN,DK1,100000,-0.01856451407464051,6.7883072220099345,6.806871736084575,7.869372265626819,7.869372265626819,0.0,6.871777462575473
FL,DQN,DK1,200000,0.3153738377276773,10.965896064195642,10.650522226467965,-20.437894406250702,-20.437894406250702,0.0,10.589599373593364
FL,DQN,DK1,400000,-0.20612023945994137,9.843586804228762,10.049707043688702,-29.895840177084068,-29.895840177084068,0.0,10.378640616000775
FL,DQN,DK1,800000,0.06667940389759212,10.009138963189402,9.94245955929181,-6.459611911458069,-6.459611911458069,0.0,10.160857361753274
FL,DQN,DK1,1600000,-0.49095656604254206,8.49917207998981,8.990128646032352,-0.2482040781252787,-0.2482040781252787,0.0,9.112941407217773
FL,DQN,DK2,100000,0.614475862947395,8.373105336899757,7.758629473952364,23.117819692706345,23.117819692706345,0.0,7.6012614381683
FL,DQN,DK2,200000,0.9687937842313078,9.260985861673673,8.292192077442364,-4.071346958334068,-4.071346958334068,0.0,8.24921037649252
FL,DQN,DK2,400000,0.2608584893644122,6.971404916571138,6.710546427206725,-62.57703618749949,-62.57703618749949,0.0,7.076919664122744
FL,DQN,DK2,800000,0.08193223793147346,9.422462106737996,9.340529868806522,-56.39020343749948,-56.39020343749948,0.0,9.35341808195924
FL,DQN,DK2,1600000,0.26955164947140425,8.739650999872628,8.470099350401222,6.597386864584035,6.597386864584035,0.0,8.418646849151335
FL,PPO,DK1,100000,-0.03932620048401484,2.9566297286969814,2.995955929180996,9.523595604166625,9.523595604166625,0.0,2.9834848828649654
FL,PPO,DK1,200000,0.09486052732136023,4.268660043306585,4.173799515985225,-12.311082223956584,-12.311082223956584,0.0,4.249269590293895
FL,PPO,DK1,400000,-0.30674436377531517,4.436823334607056,4.743567698382372,-18.778558427082377,-18.778558427082377,0.0,4.96046917844603
FL,PPO,DK1,800000,0.2589479047255126,5.858935167494586,5.599987262769074,-33.00941631249998,-33.00941631249998,0.0,5.908434488540106
FL,PPO,DK1,1600000,-0.2456374984078463,6.482422621322125,6.728060119729971,-32.3810983333332,-32.3810983333332,0.0,7.1451045988663395
FL,PPO,DK2,100000,0.000413960005094971,4.723411030441982,4.722997070436887,-10.589849729167618,-10.589849729167618,0.0,4.578363802967179
FL,PPO,DK2,200000,0.30537511145077073,6.360973124442746,6.055598012991975,-7.524351541666754,-7.524351541666754,0.0,5.93963427999313
FL,PPO,DK2,400000,0.4280028021908035,5.249426824608331,4.821424022417527,-34.84581882812429,-34.84581882812429,0.0,4.738853117797136
FL,PPO,DK2,800000,0.2978601452044323,4.626003056935422,4.32814291173099,-21.871536807290564,-21.871536807290564,0.0,4.439418241906671
FL,PPO,DK2,1600000,-0.5076104954782826,5.44405171315756,5.951662208635843,-42.33085035416658,-42.33085035416658,0.0,5.626798936437282
ZF,DQN,DK1,100000,1.5645777607948033,9.607120112087634,8.042542351292829,59.53194158333282,-75.25977196354266,134.79171354687549,7.671507674914811
ZF,DQN,DK1,200000,1.6747866513819893,13.724557381225322,12.049770729843331,112.23846306770785,-92.75925777083386,204.9977208385417,11.744740414318017
ZF,DQN,DK1,400000,1.3072220099350407,11.562603490001274,10.255381480066234,129.20878772395835,-39.30465000000024,168.51343772395856,10.620273438743988
ZF,DQN,DK1,800000,1.0052859508342884,11.061075022290154,10.055789071455866,135.22312016666663,0.31720193229091365,134.90591823437572,10.538542761377025
ZF,DQN,DK1,1600000,-0.23468347981148932,9.576455228633295,9.811138708444785,126.56512727083337,-24.621986328126383,151.18711359895977,10.203644589344288
ZF,DQN,DK2,100000,-0.015985224812125647,8.082537256400459,8.098522481212584,150.67436583333398,-23.251258468750127,173.9256243020841,8.906220940415912
ZF,DQN,DK2,200000,1.2952808559419184,9.155298688065214,7.8600178321232965,171.0339669427082,11.362638567707785,159.6713283750004,8.646599829623261
ZF,DQN,DK2,400000,1.1424659279072733,8.696057827028405,7.553591899121131,187.02088294270732,-7.831367786459379,194.85225072916668,8.315200949014363
ZF,DQN,DK2,800000,0.9348490638135264,8.549547828302126,7.614698764488601,167.96911301041703,-22.877106088541552,190.84621909895858,8.805597552625711
ZF,DQN,DK2,1600000,0.5286587695834921,8.829703222519424,8.301044452935932,182.82332781770904,-0.5433303802081374,183.3666581979172,9.327601827967262
ZF,PPO,DK1,100000,-0.26573048019360623,6.917399057444911,7.183129537638518,56.7605981666668,-41.72922340624996,98.48982157291675,6.90883212318079
ZF,PPO,DK1,200000,-0.3776907400331166,8.411476245064323,8.78916698509744,61.95847885937379,-75.98117945312724,137.93965831250102,8.584178051654405
ZF,PPO,DK1,400000,0.5135014647815573,8.841994650363011,8.328493185581454,112.58358114583332,-3.2620936041671436,115.84567475000047,8.24281034043502
ZF,PPO,DK1,800000,1.302700292956312,9.116895936823335,7.8141956438670235,84.98578096874961,-25.19951430208397,110.18529527083358,7.342003638419158
ZF,PPO,DK1,1600000,0.5926633549866261,9.064036428480449,8.471373073493822,124.71953908854213,-14.899542708333755,139.6190817968759,8.032620776408395
ZF,PPO,DK2,100000,0.19640810087886873,6.600624124315374,6.404216023436504,112.3227589739572,-38.18623096354235,150.50898993749956,6.083741162701824
ZF,PPO,DK2,200000,0.8562285059228122,7.273181760285314,6.416953254362501,109.83492053645762,-62.75446779687536,172.58938833333298,5.923782682080188
ZF,PPO,DK2,400000,0.9120494204559929,8.083237804101389,7.171188383645396,107.20279247395813,-24.622538348958376,131.8253308229165,6.909056240247125
ZF,PPO,DK2,800000,1.0982677365940638,8.138358170933639,7.040090434339575,143.36169406770742,-12.436232104167544,155.797926171875,6.224977110601574
ZF,PPO,DK2,1600000,1.6246974907655074,9.439848426951981,7.815150936186473,157.5860575416642,-23.515910421876672,181.1019679635409,6.853998877424286
