liability,algo,seed,region,step,RS,P01,P1,rep,led,ML,inflation
FL,DQN,10,DK1,100000,1.6839893007260223,7.424722965227359,5.740733664501337,-41.827003499996394,-41.827003499996394,5.905671048396185,0.0
FL,DQN,10,DK1,200000,1.4588269010317152,10.88383645395491,9.425009552923195,-71.06238240625082,-71.06238240625082,9.919557964893935,0.0
FL,DQN,10,DK1,400000,-0.12218188765762328,11.42510508215514,11.547286969812763,-77.71986493750106,-77.71986493750106,11.824356847869398,0.0
FL,DQN,10,DK1,800000,0.024742071073747596,8.57298433320596,8.548242262132213,-40.23861971875082,-40.23861971875082,8.576308002731034,0.0
FL,DQN,10,DK1,1600000,-0.28162017577378684,10.453190676346962,10.734810852120749,-23.877487046875906,-23.877487046875906,11.005960260019442,0.0
FL,DQN,10,DK2,100000,-0.13517386320213998,6.981849445930455,7.117023309132595,115.9782836562451,115.9782836562451,6.7208128614097,0.0
FL,DQN,10,DK2,200000,0.4804165074512792,13.287160871226595,12.806744363775316,-14.130447468752829,-14.130447468752829,12.358156612625551,0.0
FL,DQN,10,DK2,400000,0.69144058081773,6.756495987772258,6.065055406954528,-96.42771442187548,-96.42771442187548,5.854656998603298,0.0
FL,DQN,10,DK2,800000,0.602980512036682,10.40361100496752,9.800630492930837,-98.51122143750013,-98.51122143750013,9.192913587051091,0.0
FL,DQN,10,DK2,1600000,0.1643102789453561,9.38574703859381,9.221436759648453,-0.8946353593750409,-0.8946353593750409,8.488756061910404,0.0
FL,DQN,11,DK1,100000,-0.5697363393198325,4.770443255636224,5.340179594956057,18.16624392187663,18.16624392187663,5.34010212176384,0.0
FL,DQN,11,DK1,200000,-0.3087504776461607,9.506495987772258,9.815246465418419,-18.926126703125274,-18.926126703125274,9.879453633797365,0.0
FL,DQN,11,DK1,400000,-1.1402369124952223,8.518150554069546,9.658387466564768,32.865666874999995,32.865666874999995,10.120989577381751,0.0
FL,DQN,11,DK1,800000,-0.7851547573557518,11.185708826901031,11.970863584256783,-13.725899874999588,-13.725899874999588,12.377848900768893,0.0
FL,DQN,11,DK1,1600000,-0.8360718379824217,8.583110431792129,9.41918226977455,47.816907812499984,47.816907812499984,9.476495768303096,0.0
FL,DQN,11,DK2,100000,1.9134505158578516,11.407527703477264,9.494077187619412,-5.580144265625554,-5.580144265625554,9.184308782819254,0.0
FL,DQN,11,DK2,200000,1.8373137179977075,9.062858234619794,7.225544516622087,-4.452138109374692,-4.452138109374692,7.595370230661375,0.0
FL,DQN,11,DK2,400000,0.622850592281238,6.624570118456248,6.00171952617501,-32.667243796873315,-32.667243796873315,6.691409283172666,0.0
FL,DQN,11,DK2,800000,0.07002292701566759,10.67701566679404,10.606992739778372,8.438957250001044,8.438957250001044,10.49205106950801,0.0
FL,DQN,11,DK2,1600000,0.6005922812380575,9.391860909438288,8.79126862820023,47.88248548437605,47.88248548437605,8.605118477915601,0.0
FL,DQN,12,DK1,100000,-1.1699465036301113,8.16975544516622,9.339701948796332,47.26887637500022,47.26887637500022,9.369559217566392,0.0
FL,DQN,12,DK1,200000,-0.20395491020252265,12.507355750859762,12.711310661062285,28.674825890623985,28.674825890623985,11.969786522088793,0.0
FL,DQN,12,DK1,400000,0.6440580817730215,9.587504776461596,8.943446694688575,-44.833322468751135,-44.833322468751135,9.190575422751175,0.0
FL,DQN,12,DK1,800000,0.9604508979747806,10.268723729461215,9.308272831486434,34.5856838593762,34.5856838593762,9.5284151817599,0.0
FL,DQN,12,DK1,1600000,-0.3551776843714176,6.46121513183034,6.816392816201757,-24.684032999999914,-24.684032999999914,6.856368193330779,0.0
FL,DQN,12,DK2,100000,0.06515093618647327,6.729938861291555,6.664787925105082,-41.04468031250051,-41.04468031250051,6.898662670275944,0.0
FL,DQN,12,DK2,200000,0.5886511272449368,5.432938479174627,4.84428735192969,6.368544703125316,6.368544703125316,4.794104286190636,0.0
FL,DQN,12,DK2,400000,-0.5317157050057313,7.533148643484906,8.064864348490637,-58.63615034374967,-58.63615034374967,8.684692710592264,0.0
FL,DQN,12,DK2,800000,-0.42720672525792924,7.186759648452426,7.613966373710356,-79.09834612499935,-79.09834612499935,8.375289589318623,0.0
FL,DQN,12,DK2,1600000,0.04375238823079908,7.4413450515857855,7.397592663354986,-27.1956895312489,-27.1956895312489,8.162066007628,0.0
FL,PPO,10,DK1,100000,0.6666029805120366,3.75019105846389,3.083588077951853,-30.627131796872668,-30.627131796872668,3.1324597638373097,0.0
FL,PPO,10,DK1,200000,0.1852311807413063,4.273022544898739,4.087791364157432,-68.56470312499886,-68.56470312499886,4.455742540511297,0.0
FL,PPO,10,DK1,400000,0.30110813909056144,4.343809705769965,4.042701566679404,-7.258654218747114,-7.258654218747114,4.505009007886721,0.0
FL,PPO,10,DK1,800000,1.0146159724875812,7.952330913259457,6.937714940771876,-46.41436614062499,-46.41436614062499,7.793813494582503,0.0
FL,PPO,10,DK1,1600000,0.1381352693924338,8.437237294612151,8.299102025219717,-25.943931890625038,-25.943931890625038,9.103658041239946,0.0
FL,PPO,10,DK2,100000,-0.22019487963316742,5.014424914023691,5.234619793656859,50.146299984370685,50.146299984370685,4.981833033262593,0.0
FL,PPO,10,DK2,200000,1.145204432556362,5.7707298433320595,4.625525410775698,21.014567812499944,21.014567812499944,4.369614085198149,0.0
FL,PPO,10,DK2,400000,1.856037447458922,7.252770347726404,5.396732900267482,-10.753907593747613,-10.753907593747613,4.938934780989399,0.0
FL,PPO,10,DK2,800000,1.5440389759266333,5.435326709973252,3.8912877340466183,-60.785592124997564,-60.785592124997564,3.8112190424633625,0.0
FL,PPO,10,DK2,1600000,0.6139663737103556,5.030664883454337,4.4166985097439815,-11.075810453124635,-11.075810453124635,3.8422567597355304,0.0
FL,PPO,11,DK1,100000,-0.5281811234237677,1.7685326709973253,2.296713794421093,28.45939329687509,28.45939329687509,2.2953244340029157,0.0
FL,PPO,11,DK1,200000,0.38698891860909423,3.672525792892625,3.285536874283531,16.328601562502012,16.328601562502012,3.114836550930434,0.0
FL,PPO,11,DK1,400000,0.09486052732136052,3.562189529996179,3.4673290026748185,-45.877162906248266,-45.877162906248266,3.3900787227364555,0.0
FL,PPO,11,DK1,800000,-0.256782575468093,4.192682460833015,4.449465036301108,-10.988052656248362,-10.988052656248362,4.422387427670269,0.0
FL,PPO,11,DK1,1600000,-0.6455865494841424,6.382116927779901,7.027703477264043,-52.398262984374696,-52.398262984374696,7.44184729582466,0.0
FL,PPO,11,DK2,100000,1.4154566297286966,5.427970959113488,4.012514329384792,-20.903890703124425,-20.903890703124425,3.401021392875548,0.0
FL,PPO,11,DK2,200000,1.603267099732519,8.336549484142148,6.7332823844096295,-60.52194025000134,-60.52194025000134,6.147168022557642,0.0
FL,PPO,11,DK2,400000,0.8207871608712267,3.723156285823462,2.9023691249522354,-55.96959206250119,-55.96959206250119,2.6636385276355465,0.0
FL,PPO,11,DK2,800000,0.7317539166985094,4.589033244172716,3.857279327474207,-19.200131734374587,-19.200131734374587,3.59653164634923,0.0
FL,PPO,11,DK2,1600000,-0.3690294230034388,5.858521207489492,6.227550630492931,-38.61919607812517,-38.61919607812517,6.054532920716363,0.0
FL,PPO,12,DK1,100000,-0.25640045854031346,3.3511654566297286,3.607565915170042,30.73852531249745,30.73852531249745,3.5226704507546707,0.0
FL,PPO,12,DK1,200000,-0.28763851738631985,4.8604317921283915,5.148070309514711,15.302854890627092,15.302854890627092,5.177229679439953,0.0
FL,PPO,12,DK1,400000,-1.3162017577378675,5.404470768055025,6.720672525792892,-3.199858156251755,-3.199858156251755,6.986319804714915,0.0
FL,PPO,12,DK1,800000,0.019010317157049705,5.4317921283912876,5.412781811234238,-41.625830140626576,-41.625830140626576,5.509102543367547,0.0
FL,PPO,12,DK1,1600000,-0.22946121513183027,4.627913641574322,4.857374856706152,-18.80110012499986,-18.80110012499986,4.889808459534412,0.0
FL,PPO,12,DK2,100000,-1.1940198700802442,3.727837218188766,4.92185708826901,-61.011958468749114,-61.011958468749114,5.352236982763399,0.0
FL,PPO,12,DK2,200000,-1.8323461979365687,4.975640045854031,6.8079862437906,16.93431781250113,16.93431781250113,7.3021207322235995,0.0
FL,PPO,12,DK2,400000,-1.3928162017577383,4.772353840275124,6.165170042032862,-37.81395682812406,-37.81395682812406,6.613986044766463,0.0
FL,PPO,12,DK2,800000,-1.3822124570118457,3.853649216660298,5.235861673672144,14.371113437500464,14.371113437500464,5.910504036907419,0.0
FL,PPO,12,DK2,1600000,-1.7677684371417648,5.44296904852885,7.210737485670615,-77.29754453124993,-77.29754453124993,6.983607128859956,0.0
ZF,DQN,10,DK1,100000,2.436186473060756,12.843809705769965,10.40762323270921,104.16919506249897,-39.34690735937723,9.757416762205024,143.5161024218762
ZF,DQN,10,DK1,200000,1.1828429499426818,13.488918609094382,12.3060756591517,155.96795795312397,-42.26299301562586,12.174202254705262,198.23095096874982
ZF,DQN,10,DK1,400000,0.5224493695070702,10.21293465800535,9.69048528849828,146.21321753125008,-17.00837499999988,10.395635091239132,163.22159253124997
ZF,DQN,10,DK1,800000,1.0221627818112342,12.83272831486435,11.810565533053115,161.91929056249998,-10.773566109376281,12.444742404700488,172.69285667187626
ZF,DQN,10,DK1,1600000,-0.19220481467329087,8.53534581581964,8.727550630492932,85.51460406249949,-75.19275256250202,8.712296980987867,160.70735662500152
ZF,DQN,10,DK2,100000,0.6030760412686291,10.004776461597249,9.40170042032862,225.139779171876,119.04281093750066,9.97965391229579,106.09696823437534
ZF,DQN,10,DK2,200000,2.9308368360718386,10.32890714558655,7.398070309514711,230.34988284374822,80.54443553124949,7.647610943918984,149.80544731249873
ZF,DQN,10,DK2,400000,1.592949942682461,8.86520825372564,7.2722583110431795,178.5427225937485,-32.06124435937554,7.517263184293495,210.60396695312403
ZF,DQN,10,DK2,800000,0.5433702713030186,9.05913259457394,8.515762323270922,156.38962782812587,-69.58683035937477,9.728567760580871,225.97645818750064
ZF,DQN,10,DK2,1600000,0.6558081773022533,9.92109285441345,9.265284677111197,178.80763918749966,-40.587115765626066,9.81896376707748,219.39475495312573
ZF,DQN,11,DK1,100000,1.9985670615208262,8.224684753534582,6.226117692013756,33.8552478593751,-104.72703321874971,6.2599049393331425,138.58228107812482
ZF,DQN,11,DK1,200000,2.075085976308751,14.615112724493695,12.540026748184944,71.47605737499971,-162.38631390625014,12.108460518773288,233.86237128124986
ZF,DQN,11,DK1,400000,1.6792128391287733,12.190389759266335,10.511176920137562,117.80386728125056,-75.83929960937468,11.38651714913538,193.64316689062525
ZF,DQN,11,DK1,800000,0.4960833014902555,10.487199082919373,9.991115781429118,96.66318492187494,-37.10217842187477,10.546979793637144,133.7653633437497
ZF,DQN,11,DK1,1600000,-0.44239587313717976,9.967997707298434,10.410393580435613,138.05762304687573,-4.568300093750625,11.322316566351391,142.62592314062636
ZF,DQN,11,DK2,100000,-0.4744936950706924,6.65227359572029,7.1267672907909825,120.63340818750093,-59.07097746874992,8.66541212859463,179.70438565625085
ZF,DQN,11,DK2,200000,0.037925105082154964,4.764902560183416,4.726977455101261,112.36693225000067,-29.669709078125937,7.217435750453807,142.03664132812662
ZF,DQN,11,DK2,400000,0.7211501719526181,7.721341230416508,7.00019105846389,193.06534800000176,-34.35378418749961,9.288386118276488,227.41913218750136
ZF,DQN,11,DK2,800000,1.0325754680932357,7.206725257928926,6.17414978983569,125.43698879687494,-103.3970712031255,7.4742315133276005,228.83406000000045
ZF,DQN,11,DK2,1600000,0.53668322506687,7.717615590370653,7.180932365303783,161.6145734843766,-2.9014088437489653,8.70318202445782,164.51598232812555
ZF,DQN,12,DK1,100000,0.25897974780282773,7.752865876958349,7.493886129155522,40.57138182812438,-81.70537531250105,6.9972013232062675,122.27675714062542
ZF,DQN,12,DK1,200000,1.7664310278945354,13.069640810087886,11.30320978219335,109.27137387499988,-73.62846639062558,10.951558469475497,182.89984026562547
ZF,DQN,12,DK1,400000,1.7200038211692785,12.284486052732136,10.564482231562858,123.60927835937439,-25.066275390626142,10.078668075857456,148.67555375000052
ZF,DQN,12,DK1,800000,1.4976117692013755,9.86329766908674,8.365685899885365,147.08688501562497,48.82735032812379,8.623906085793447,98.25953468750117
ZF,DQN,12,DK1,1600000,-0.06944975162399736,10.226022162781812,10.295471914405809,156.1231547031249,5.895093671873499,10.576320220693608,150.2280610312514
ZF,DQN,12,DK2,100000,-0.17653802063431367,7.590561711883836,7.76709973251815,106.24991014062502,-129.72560887500111,8.073596780357313,235.97551901562613
ZF,DQN,12,DK2,200000,0.9170806266717619,12.372086358425678,11.455005731753916,170.38508573437568,-16.7868107500002,11.074752794496991,187.17189648437588
ZF,DQN,12,DK2,400000,1.1132976690867409,9.501623996943065,8.388326327856324,189.45457823437172,42.92092518749702,8.139953544473105,146.5336530468747
ZF,DQN,12,DK2,800000,1.228601452044325,9.382785632403515,8.15418418035919,222.0807224062503,104.35258329687562,9.213993383968663,117.72813910937467
ZF,DQN,12,DK2,1600000,0.39348490638135303,8.850401222774169,8.456916316392816,208.0477707812509,41.85853346875062,9.460659692366486,166.18923731250027
ZF,PPO,10,DK1,100000,1.132403515475735,9.576327856324035,8.4439243408483,79.18538909374931,-76.23674581250114,7.496471051877329,155.42213490625045
ZF,PPO,10,DK1,200000,-0.3351165456629719,8.13364539549102,8.468761941153993,82.79980048437366,-73.38138745312719,7.913292968376803,156.18118793750085
ZF,PPO,10,DK1,400000,-0.08406572411157676,9.071360336262897,9.155426060374474,171.751080687501,87.79008593749975,8.74168637145314,83.96099475000125
ZF,PPO,10,DK1,800000,0.6979365685899896,11.04126862820023,10.34333205961024,105.41075479687541,14.461320453125055,9.627470263685868,90.94943434375035
ZF,PPO,10,DK1,1600000,-0.039931218952999004,10.742071073748567,10.782002292701566,134.95605721875148,-19.03513700000004,9.68826490398395,153.99119421875153
ZF,PPO,10,DK2,100000,-0.373614826136798,6.380779518532671,6.7543943446694685,144.820996656246,-2.778810937501896,6.287276679086654,147.5998075937479
ZF,PPO,10,DK2,200000,0.6200802445548339,8.3060756591517,7.685995414596866,108.62722196874715,-69.54834215625151,7.454314751122576,178.17556412499866
ZF,PPO,10,DK2,400000,0.5132785632403518,7.6722392051967905,7.158960641956439,96.66433840624791,-22.336601593750952,7.040109391420655,119.00093999999886
ZF,PPO,10,DK2,800000,1.0653419946503622,7.752006113870844,6.686664119220482,117.91980020312205,-28.083730578126232,6.093577433839687,146.0035307812483
ZF,PPO,10,DK2,1600000,1.628104700038211,10.072888803974015,8.444784103935804,115.30235909374623,-90.97187496875264,7.6580359701920315,206.27423406249886
ZF,PPO,11,DK1,100000,-1.2476117692013755,6.885842567825755,8.13345433702713,79.71306315625034,-7.365396421874794,8.513429707652621,87.07845957812513
ZF,PPO,11,DK1,200000,-0.3575659151700421,10.165170042032862,10.522735957202904,44.40860245312413,-126.8378323906265,10.494185893761344,171.24643484375065
ZF,PPO,11,DK1,400000,1.2597439816583886,9.912017577378679,8.65227359572029,125.60093456249986,-17.022494578125286,8.91720466704882,142.62342914062515
ZF,PPO,11,DK1,800000,1.8928162017577383,8.676538020634315,6.783721818876576,102.15435154687492,-23.125489093750083,6.332225088372982,125.279840640625
ZF,PPO,11,DK1,1600000,1.3910011463507832,8.961310661062285,7.570309514711502,147.00275153125023,20.333712156249728,7.458082545141873,126.6690393750005
ZF,PPO,11,DK2,100000,0.539453572793275,4.132594573939626,3.5931410011463507,53.18070403124982,-70.05286600000026,3.5558738177128113,123.23357003125008
ZF,PPO,11,DK2,200000,0.30301872372946104,3.9815628582346196,3.6785441345051586,74.21864421875162,-98.33081943749907,3.529683768032865,172.54946365625068
ZF,PPO,11,DK2,400000,0.9974207107374857,6.273022544898739,5.275601834161253,61.16492303125077,-23.946242296874125,5.047540484379478,85.1111653281249
ZF,PPO,11,DK2,800000,1.2104508979747806,6.915074512800917,5.7046236148261364,111.82497575000086,-54.735729078124905,4.99955455240279,166.56070482812578
ZF,PPO,11,DK2,1600000,1.4541459686664124,7.996560947649981,6.542414978983569,102.24571409374933,-67.93987215624972,6.073280906659024,170.18558624999906
ZF,PPO,12,DK1,100000,-0.6819831868551782,4.290026748184944,4.972009935040123,11.38334225000076,-41.58552798437395,4.71659561001242,52.968870234374705
ZF,PPO,12,DK1,200000,-0.4403897592663357,6.935613297669087,7.3760030569354225,58.66703364062356,-27.72431851562801,7.3450552928250685,86.39135215625157
ZF,PPO,12,DK1,400000,0.36482613679786,7.542606037447459,7.177779900649599,40.39872818749913,-80.5538721718759,7.069539982803096,120.95260035937503
ZF,PPO,12,DK1,800000,1.317348108521208,7.632881161635461,6.315533053114253,47.39223656249851,-66.93437426562687,6.066315563198623,114.32661082812538
ZF,PPO,12,DK1,1600000,0.4269201375620941,7.488727550630493,7.061807413068399,92.1998085156247,-45.99720328125095,6.95151488009936,138.19701179687564
ZF,PPO,12,DK2,100000,0.42338555598012917,9.288498280473824,8.865112724493695,138.96657623437582,-41.72701595312488,8.40807299130601,180.6935921875007
ZF,PPO,12,DK2,200000,1.6455865494841415,9.531906763469621,7.8863202139854796,146.6588954218741,-20.384241796875493,6.787349527085125,167.0431372187496
ZF,PPO,12,DK2,400000,1.2254489873901413,10.304451662208637,9.079002674818495,163.77911598437566,-27.584771156250053,8.639518844941243,191.3638871406257
ZF,PPO,12,DK2,800000,1.0190103171570488,9.747993886129155,8.728983568972106,200.3403062499994,45.51076334374851,7.581799345562244,154.82954290625088
ZF,PPO,12,DK2,1600000,1.7918418035918986,10.250095529231945,8.458253725640047,255.21009943749704,88.36401585937234,6.830679755421802,166.8460835781247
