levset,rule,algo,region,NML,TOP,BUST,drawmean_reported_return_pct,drawmean_ledger_return_pct,n_seeds
HIGH,LINFL,DQN,DK1,0.3718186085844119,0.31012730260522187,0.8699999999999999,-74.15086943155262,-74.15086943155262,5
HIGH,LINFL,DQN,DK2,0.4499805142363417,0.38518642930060165,0.95,42.877009065145664,42.877009065145664,5
HIGH,LINFL,PPO,DK1,0.15393148749592814,0.07330344774733528,0.47000000000000003,5.956036719913849,5.956036719913849,5
HIGH,LINFL,PPO,DK2,0.19026086638880513,0.13271432061051813,0.82,-117.41161555825354,-117.41161555825354,5
HIGH,LINLL,DQN,DK1,0.4077057244459141,0.33776786072141163,0.9,38.48158321242563,-32.2684899432579,5
HIGH,LINLL,DQN,DK2,0.46810805531394306,0.38786960977422646,0.96,-6.692548575500288,-51.28160059349282,5
HIGH,LINLL,PPO,DK1,0.21145143435052344,0.1422135633421578,0.55,53.17521395353248,26.178209897623116,5
HIGH,LINLL,PPO,DK2,0.1330271041686065,0.08477051367642705,0.89,-12.093094713757981,-91.257719024199,5
HIGH,LOGNF,DQN,DK1,0.49780983946792573,0.4071723268930107,0.8099999999999999,79.95190586519305,79.95190586519305,5
HIGH,LOGNF,DQN,DK2,0.4550682865349377,0.3825010819279181,0.93,-8.61745268192806,-8.61745268192806,5
HIGH,LOGNF,PPO,DK1,0.1606033873910491,0.07938252230254292,0.53,-4.204813697399497,-4.204813697399497,5
HIGH,LOGNF,PPO,DK2,0.12163641993747806,0.06085729875509438,0.72,22.57303755713314,22.57303755713314,5
LOW,LINFL,DQN,DK1,0.47424780709611164,0.40547721410146176,0.0,24.64850847099492,24.64850847099492,5
LOW,LINFL,DQN,DK2,0.4407099243612482,0.3789887761791594,0.36,-38.852935422470914,-38.852935422470914,5
LOW,LINFL,PPO,DK1,0.2859590035946308,0.20982755326263494,0.0,16.818282412779574,16.818282412779574,5
LOW,LINFL,PPO,DK2,0.22394411038736192,0.1451708719716624,0.42000000000000004,-32.46777776559847,-32.46777776559847,5
LOW,LINLL,DQN,DK1,0.47424780709611164,0.40547721410146176,0.0,24.64850847099492,24.64850847099492,5
LOW,LINLL,DQN,DK2,0.4407099243612482,0.3789887761791594,0.36,-29.90949849369789,-38.852935422470914,5
LOW,LINLL,PPO,DK1,0.22535146920082166,0.1727343078245916,0.0,-13.777258542843882,-13.777258542843882,5
LOW,LINLL,PPO,DK2,0.25636914694623647,0.19229824824747682,0.42000000000000004,-38.19812346131444,-45.172718325748484,5
LOW,LOGNF,DQN,DK1,0.5652740980581829,0.5214474061335628,0.0,25.468450461370804,25.468450461370804,5
LOW,LOGNF,DQN,DK2,0.47379185628779324,0.3965071628573473,0.35,-75.52423186485795,-75.52423186485795,5
LOW,LOGNF,PPO,DK1,0.22390281659023598,0.12636094391898345,0.0,-33.43669708883647,-33.43669708883647,5
LOW,LOGNF,PPO,DK2,0.2601953574877745,0.17716125488817017,0.37,-49.29394228354319,-49.29394228354319,5
