rule,levset,algo,seed,region,steps,eval_split,drawmean_reported_return_pct,drawmean_ledger_return_pct,drawmean_mean_abs_lev_open,drawmean_share_top_lev_open,drawshare_bust,probe_e0.1,probe_e0.25,probe_e1,probe_e2,seconds,NML,TOP,BUST
LINFL,HIGH,DQN,0,DK1,3000,train(SMOKE),-100.04230605701451,-100.04230605701451,14.75642945477563,0.03673287043129287,0.6666666666666666,16.5094070695553,16.425598631698975,15.650798175598633,14.005131128848346,14.1,0.2305692102308692,0.03673287043129287,0.6666666666666666
LINFL,HIGH,PPO,0,DK1,3000,train(SMOKE),-119.98518755827176,-119.98518755827176,5.684368865848891,0.01557513135169627,1.0,6.40963511972634,6.026795895096921,3.9578107183580387,2.477194982896237,45.8,0.08881826352888893,0.01557513135169627,1.0
LINFL,LOW,DQN,0,DK1,3000,train(SMOKE),330.2538633495863,330.2538633495863,2.593007602082123,0.03695934971363512,0.3333333333333333,3.4851767388825543,3.522805017103763,3.521736031927024,2.775299315849487,40.4,0.16206297513013268,0.03695934971363512,0.3333333333333333
LINFL,LOW,PPO,0,DK1,3000,train(SMOKE),-27.510948853559437,-27.510948853559437,0.9491785166969601,0.006486332371075234,0.0,1.7499287343215508,1.5246579247434435,0.7227052451539339,0.40585803876852905,46.3,0.059323657293560005,0.006486332371075234,0.0
LINLL,HIGH,DQN,0,DK1,3000,train(SMOKE),-99.99999838491264,-100.04230605701451,14.75642945477563,0.03673287043129287,0.6666666666666666,16.5094070695553,16.425598631698975,15.650798175598633,14.005131128848346,14.1,0.2305692102308692,0.03673287043129287,0.6666666666666666
LINLL,HIGH,PPO,0,DK1,3000,train(SMOKE),13.498176551763976,-23.331792133311705,4.3326998149360945,0.007739746843402681,0.6666666666666666,6.318129988597492,5.875712656784493,3.845496009122007,2.555587229190422,46.2,0.06769843460837648,0.007739746843402681,0.6666666666666666
LINLL,LOW,DQN,0,DK1,3000,train(SMOKE),330.258117491183,330.2538633495863,2.593007602082123,0.03695934971363512,0.3333333333333333,3.4851767388825543,3.522805017103763,3.521736031927024,2.775299315849487,15.1,0.16206297513013268,0.03695934971363512,0.3333333333333333
LINLL,LOW,PPO,0,DK1,3000,train(SMOKE),-27.510948853559437,-27.510948853559437,0.9491785166969601,0.006486332371075234,0.0,1.7499287343215508,1.5246579247434435,0.7227052451539339,0.40585803876852905,46.3,0.059323657293560005,0.006486332371075234,0.0
LOGNF,HIGH,DQN,0,DK1,3000,train(SMOKE),1205.9741384625374,1205.9741384625374,20.19804010461327,0.2798716127726228,0.6666666666666666,23.512827822120865,24.167046750285063,28.158209806157355,32.16761687571265,14.1,0.31559437663458234,0.2798716127726228,0.6666666666666666
LOGNF,HIGH,PPO,0,DK1,3000,train(SMOKE),-227.26314969183613,-227.26314969183613,15.518256291958716,0.17735338479283116,1.0,10.107183580387685,9.894526795895096,8.151368301026226,6.555587229190422,45.7,0.24247275456185494,0.17735338479283116,1.0
LOGNF,LOW,DQN,0,DK1,3000,train(SMOKE),9.57767886141058,9.57767886141058,2.8852626014231917,0.015562445798733622,0.0,3.2906214367160773,3.283851197263398,3.1196550741163054,2.2220638540478905,14.7,0.18032891258894948,0.015562445798733622,0.0
LOGNF,LOW,PPO,0,DK1,3000,train(SMOKE),180.37388203957155,180.37388203957155,2.3647076992527647,0.06279625075733276,0.0,4.119084948688712,3.8768529076396807,2.320410490307868,1.5190992018244014,46.6,0.1477942312032978,0.06279625075733276,0.0
