item,k,n,share,ci_lo,ci_hi
C0 capital/cash account present,1,21,0.047619047619047616,0.008455769471923294,0.22669816586235464
C1 price-taker (all),11,21,0.5238095238095238,0.32369217900266756,0.7165628770323705
C1 price-taker (single-agent storage/PV/bidding envs on historical prices),11,12,0.9166666666666666,0.6461140782014047,0.9851352905492264
C1 price-taker (multi-agent market-clearing sims),0,9,0.0,0.0,0.2991527535509594
C2 solvency modelled (of all repos),0,21,0.0,0.0,0.15464382326420195
C2 solvency modelled (of repos with a money state),0,1,0.0,0.0,0.7934567085261071
C3 zero floor on money (of repos with a money state),0,1,0.0,0.0,0.7934567085261071
C4(b) percent-of-price payoff,0,21,0.0,0.0,0.15464382326420195
C4(a) cash settlement volume x price,20,21,0.9523809523809523,0.7733018341376452,0.9915442305280766
C5 look-ahead: yes,3,21,0.14285714285714285,0.04980921798213492,0.346364941492295
C5 look-ahead: unclear (static check insufficient),15,21,0.7142857142857143,0.500432261771624,0.8618632425437179
C6 Sharpe reported,1,21,0.047619047619047616,0.008455769471923294,0.22669816586235464
