repo,sha,status,n_files,n_code_scanned,env_like_files,readme_has_publication,readme_pub_match,n_money_state,n_floor_candidate,n_solvency,n_percent_payoff,n_cash_settlement,n_market_clearing,n_lookahead,n_metric
ADGEfficiency/energy-py,d0ed2476ec545d9604831569470c498bd6010296,ok,20,8,2,False,,4,0,0,0,3,0,3,0
assume-framework/assume,15dfa77039ae2d774181a9087af66e2944df25b2,ok,629,88,1,True,10.5281/,58,0,60,0,15,60,60,5
dos-group/vessim,cd417e18dd28c7b5240843a34e0bce3d38ed5c9b,ok,95,13,5,True,10.1145/,0,0,3,0,0,1,7,0
gschivley/battery_model,be6aaea9d96ee2ab5681a0e483f8f1e10b513693,ok,376,2,0,False,,0,0,0,0,0,0,0,0
UNSW-CEEM/energy-market-deep-learning,893ad32f97da3b88e3872e046b639b5a5d2e1323,ok,73,36,5,False,,0,0,2,0,0,4,4,0
jlp237/MA-VPP-RL-bidding,f1ec741e10d6aeade3c1f577a72b2ae98a831d4a,ok,111,42,1,True,thesis,6,0,4,0,7,60,14,12
18heweng666/DDPG-GCN-for-bidding-strategy,454f5acd68c24ee20fcae99c968ae540ee00ce34,ok,25,9,0,True,Applied Energy,0,0,0,0,0,10,4,0
aws-samples/sagemaker-rl-energy-storage-system,349ca51ae1c10463877a870401c33a8492c84f39,ok,61,42,1,True,arxiv,0,0,0,0,0,1,8,9
RichardFindlay/battery-optimisation-with-drl,49879c7761a01fa8ab9b8f1678ae19049f9c47a7,ok,59,17,3,False,,0,0,0,0,3,4,8,2
kim-mskw/BessBidder,a7ca3183d2341d829d49ce73169a6fbafe5d3669,ok,43,36,1,True,Conference,0,0,3,0,9,39,15,12
deep-daya/Grid_Scale_Energy_Storage_Q_Learning,6657674d5ad8b7b9779a52e9da63729d7c76e720,ok,50,8,0,False,,0,0,0,0,1,0,0,2
masa2203/battery_arbitrage_with_drl,066ed6802799a19bf44b11509aca2003294c9abb,ok,65,20,4,True,doi.org,5,0,0,0,0,0,6,0
CLAIR-LAB-TECHNION/energy-net,a55083828ad4a484e44575b579a448cde3a4466a,ok,69,33,3,False,,47,0,0,0,0,6,29,2
masa2203/battery-dispatch-with-DRL,cd9aac6a06a7bdaa0c6ef7ddc962f837979f8d81,ok,42,18,4,True,Journal,11,0,0,0,0,0,3,0
haran2001/open-smart-grid,3076cf196ab473bed439266a5d7a88c1f102af50,ok,48,30,0,False,,14,0,32,0,3,60,32,5
CSKrishna/Optimal-bidding-policy-using-Policy-Gradient-in-a-Multi-agent-Contextual-Bandit-setting,af305faa55673df9c7eda669da7426f2d4e4552e,ok,7,6,1,True,thesis,0,0,0,0,0,1,4,0
li-group/SafeOR-Gym,618c742d89c1d9be06f47d2d7c643f95d2cb5cbc,ok,80,47,3,True,journal,4,0,0,0,0,0,0,1
zoewr/RL-bess-control,bbbbb1d1674cbc018bba7cbcbc44adf97cac3df0,ok,5,1,0,False,,0,0,0,0,0,0,0,0
salazarna/marlem,15d6715a7b7ad31700d3758f2a2dd9df053773a7,ok,92,47,2,True,Journal,60,8,3,0,9,60,56,49
albanpuech/energy-arbitrage-via-reinforcement-learning,28779c5bc89d409103bac111c305e4b256d94948,ok,26,10,4,False,,4,0,0,0,0,0,6,0
liu-jinyu/electricity_market_RL_HDB,348dc16ebadf01e50f2591f743274758b8ff1b2c,ok,12,7,2,True,ieee,0,0,0,0,0,6,0,0
ames-market/psst-archive,b0cc3d11ef21382e0c0803ff666b51dd0d8f2c0f,ok,108,43,0,True,Applied Energy,0,0,0,0,0,0,5,0
GioLomia/Energy_Broker_Genetic_Algorithm_RL,86712cd0c0fa2a564176571d9a8e0b66c58dbe47,ok,344,6,0,False,,6,0,0,0,0,14,0,0
powerzoojax/PowerZooJax,c35a730fe6a6bc79e758d66d0a08b13f588ac8fe,ok,2269,213,25,True,IEEE,60,1,60,0,0,60,60,60
locuslab/e2e-model-learning,2bf43848ac26e25321fea7bfeddf2a24135aa192,ok,24,18,0,True,arxiv,0,0,1,1,0,0,5,0
Thomas-Haydn/Q-learning-electricity-market,6a1e5584f4454b45ec6ad98ca779c701412a686e,ok,3,1,0,False,,0,0,0,0,0,5,0,4
Tomas1307/MultiAgent-Evolution-DQN-EV-Systems,f9deda1406e0c9623f818ee25e0723ef6f082848,ok,209,23,1,False,,9,0,0,0,1,0,35,0
AdelaBara/ABM-and-RL-LEM-trading,a797ff3694885a18b76b27b9deb3c65f03e997bf,ok,5,2,0,False,,0,0,0,0,0,0,0,0
vaid75/RL-Based-_Smart_Energy_optimization_System,f7ad96ddce549e37b101b6d2b58fc6d9f934d1ac,ok,18,5,1,True,10.1145/,0,0,0,0,0,1,3,4
keltonmccormick18/Battery-storage-optimization,1f02375b6dba6683e42e2b7b37af51dd4770f00c,ok,153,38,1,False,,18,0,15,0,0,2,6,20
Laveet/Day-Ahead-Intraday-Electricity-Trading-Simulation,d7f08da41004675ceba073945387f6659aeba0bf,ok,21875,18,0,False,,41,0,0,0,0,60,4,0
Manas-Trivedi/powersync,a11dc526a7f34edf4cb4519a2710ea3164799f68,ok,12,4,0,False,,0,0,0,0,3,5,12,1
xiufengliu/pv_trading,f78059a2dbfa5b771c55b8104f56b5337256fdf4,ok,50,15,1,True,IEEE,0,0,2,0,2,27,24,60
xiufengliu/feature-driven-rl-pv-trading,8e6f3c8dd3820eab9e35fbb061ce26128a7dbda3,ok,23,19,1,True,Conference,2,0,3,0,0,15,5,35
ekahorsu/battery-arbitrage-reinforcement-learning,216c0413050f93fb1e91fcee8d0767fe4fccfad9,ok,5,1,0,False,,0,0,0,0,0,0,0,5
Hakimweiwei/Grid-Scale-Battery-Dispatch-DRL,f50616820a796ffdcc0fd3c6d1f8a5d466ee2cae,ok,36,23,2,False,,0,0,0,0,1,1,9,2
DenysLunhul/Solar_Arbitrage_Agent,1e50d167465c6c66b3a0016200091573adb53441,ok,63,45,1,False,,21,0,0,0,2,0,36,0
ozgunbaris/Contextual-Optimization-and-Reinforcement-Learning-on-Battery-Arbitrage-in-Electricity-Markets,a8cd7503e8261528b02cfdaea822a0326bdc4b57,ok,6,4,0,True,Thesis,1,0,0,0,0,1,7,0
cmvdata/mibel-trading,ab02b7b31395621d28e94b6a7dd1ab7fdf1a2ae1,ok,44,27,2,True,Thesis,32,0,0,0,0,6,1,17
Zzyang666/Reinforcement-Learning-Based-Optimal-Battery-Control,d8355fa867858f1ce7f7c63e03bb5d58e01b69d6,ok,12,5,1,False,,0,0,0,0,0,0,0,0
skortmann/hybrid-vpp-rl,ec28ed8d60153e097cf89e6d5b63c094ffb198d5,ok,164,77,2,False,,43,0,6,0,0,60,30,2
MohdNematullah/Battery-Trading-Arbitrage-Using-XGBoost-And-Pyomo,06d8f101ac68f0baf9c0fe69f8ce91305c22686e,ok,6,1,0,False,,8,0,0,0,0,0,6,0
