arxiv_id,short_ref,domain,agent_type,C1_liquidity,C1_evidence,C2_costs,C3_solvency,C5_spike_role,C7_seeds,C8_strongest_baseline,C9_claim,included
2111.13609,Lehna et al. 2022 (Energy & AI),DE continuous intraday wind,RL (PPO),price-taker explicit,"""we establish our agent as a price taker with no direct influence on the ID price""",volume fee 0.2 EUR/MWh,summed (asset-backed),n.r.,n.r.,rule-based,+45.24% net profit vs best baseline,yes
2004.05940,Boukas et al. 2021 (Machine Learning),continuous intraday storage,RL (fitted Q),order-book data,uses LOB order types and market orders,n.r.,summed (asset-backed),n.r.,10 learned policies averaged,industry rolling intrinsic,+1.5% vs rolling intrinsic,yes
2510.16021,Abate et al. 2025,Nordic intraday PV,RL (PPO feature-driven),impact coefficient modelled,"""Impact coefficient ... calibrated from data""",n.r.,summed (asset-backed),spikes kept (crisis period),5 seeds + bootstrap CIs,spot-only,significant uplift vs spot-only,yes
2401.00015,Karimi Madahi et al. 2024,BE imbalance battery arbitrage,distributional RL,not modelled (implicit price-taker),no liquidity or impact terms in formulation,cycle constraint only,summed (asset-backed),n.r.,n.r.,DQN/SAC,+53.1% / +43.9% avg daily profit,yes
2404.18821,Karimi Madahi et al. 2024b,BE imbalance battery arbitrage,RL (DDQN) + correction,not modelled (implicit price-taker),no liquidity or impact terms,n.r.,summed (asset-backed),n.r.,n.r.,rule-based control,+36.4% vs RBC,yes
2402.19110,TempDRL 2024,AU NEM storage energy+FCAS,DRL,price-taker explicit,"""assuming its bids will not affect the market-clearing outcomes""",degradation,summed (asset-backed),gains attributed to FCAS price spikes,n.r.,optimisation + DRL,outperforms by substantial margins,yes
2212.06551,PPO joint bidding 2022,AU NEM storage energy+FCAS,RL (PPO),not modelled (implicit price-taker),no liquidity or impact terms,degradation,summed (asset-backed),n.r.,n.r.,n.r.,n.r.,yes
2410.11180,HDB bidding 2024 (JMPSCE),PJM RT storage,RL,price-taker explicit,"""we assume it to be a price-taker""",degradation,summed (asset-backed),n.r.,n.r.,RL bidding methods,improves profit,yes
2404.17683,Alghumayjan et al. 2024,US two-settlement storage + virtual bids,Transformer + optimisation,price-taker framing,price-taker models discussed and used,fixed discharge cost,summed,virtual-bid profits driven by RT price spikes,n.r.,perfect-forecast variants,more profit,yes
2303.16266,Online RL prosumer 2023,prosumer day-ahead trading (PL),RL (A2C),not modelled,small volumes; market fees only,market fees,summed,n.r.,5 test seeds,reference balance,beats reference,yes
2411.15422,Local trading strategy DRL 2024,CAISO grid-scale solar+battery,DRL (DQN),not modelled (implicit price-taker),no liquidity terms,n.r.,summed (asset-backed),n.r.,10 seeds,non-causal optimum / MPC,61% of optimum; beats MPC on average,yes
2411.16519,Di Persio et al. 2024,day-ahead bidding,RL,not modelled,no relevant statements,n.r.,summed,n.r.,n.r.,n.r.,n.r.,yes
2606.27032,Klicks et al. 2026,pumped-hydro trading (multi-zone),DRL (DDQN),price-taker explicit,"""does not model ... market impact""",n.r.,summed (asset-backed),n.r.,multiple seeds reported,rule/heuristic,feature-set comparison,yes
2507.16479,Zhang et al. 2025,local electricity market aggregators,MARL (HMADDPG),simulated local auction,endogenous local clearing,n.r.,summed,n.r.,multiple seeds (box plots),stand-alone MADDPG,higher profit,yes
2605.23964,Value-stacking 2026,imbalance + FCR battery,DRL,not modelled (implicit price-taker),no liquidity terms,n.r.,summed (asset-backed),gains from capitalising on imbalance price spikes,n.r.,uniform bidding,+7.56% net profit,yes
2106.02396,Badoual & Moura 2021,storage bidding (price-maker),RL (SAC),price-maker modelled,explicit price-maker market model,n.r.,summed (asset-backed),n.r.,n.r.,MPC,3.5x MPC revenue,yes
2510.03657,BESS AEMO forecast 2025,AU NEM BESS trading,ML forecast + MILP,price-taker explicit,"""given the negligible market impact from a 10 MW BESS""",n.r.,summed (asset-backed),revenue depends on capturing price spikes,n.r.,naive / AEMO-forecast strategy,outperforms baselines,yes
2604.19580,Probabilistic forecasting + battery trading 2026,DE day-ahead battery,probabilistic ML + optimisation,price-taker explicit,"""would need to take market impact into account ... beyond the scope""",n.r.,summed (asset-backed),heavy tails acknowledged,n.r.,forecast benchmarks,economic evaluation of forecasts,yes
2608.26122,Weron et al. 2026,DE/ES day-ahead BESS,probabilistic ML + trading,not modelled (implicit price-taker),no liquidity terms,grid fees,summed (asset-backed),n.r.,repeated ensembles (not policy seeds),forecast benchmarks,better calibrated trading,yes
2504.06932,Schaurecker et al. 2025,DE continuous intraday battery,DP / optimisation (no ML),full limit order book,full LOB representation,volume/degradation,summed (asset-backed),notes smoothing of spikes reduces profits,n.a. (deterministic),rolling intrinsic MILP/VWAP,+36% over realistic VWAP,yes (realism counter-example)
2402.01215,Bruneel et al. 2024,BE single-price intraday,ML mixture model + stochastic opt.,price-taker explicit,"""we solely operate as a price-taker""",n.r.,summed,spikes intentionally kept,n.r.,forecast models,risk-averse strategy profitable,yes
2505.14133,Karimi Madahi et al. 2025,BE/NL imbalance gaming analysis,analysis (no trading backtest),n.a.,n.a.,n.a.,n.a.,n.a.,n.a.,n.a.,n.a.,no (not a trading backtest)
