zone,gamma,bins,threshold_K,opt_0,opt_0.02,opt_0.05,opt_0.1,opt_0.25,opt_0.5,opt_1,opt_2,opt_3,gain_0,gain_0.02,gain_0.05,gain_0.1,gain_0.25,gain_0.5,gain_1,gain_2,gain_3
DK1,0.95,2000,1.1,16.0,16.0,16.0,16.0,16.0,16.0,16.0,0.0,0.0,70.48852674098407,57.08289981323537,43.909621114726974,30.69375850346364,13.930077035742443,4.7868267083853056,0.16925699497908697,0.0,0.0
DK1,0.98,2000,1.4,16.0,16.0,16.0,16.0,16.0,16.0,16.0,0.0,0.0,52.78305991635898,46.589646882844136,39.43483517331515,30.80784277269663,16.555578693735583,6.698971958767572,0.8284539693863024,0.0,0.0
DK1,0.99,2000,1.75,16.0,16.0,16.0,16.0,16.0,16.0,16.0,0.0,0.0,41.47193603790947,38.13640201706585,33.96173139695202,28.415833850000126,17.628569040475895,8.48432558919535,1.7840684147992931,0.0,0.0
DK1,0.995,2000,2.26,16.0,16.0,16.0,16.0,16.0,16.0,16.0,16.0,0.0,31.962676768005622,30.2040097733734,27.877449130876812,24.566748132481735,17.272254246080593,9.886744633907938,3.1209765746087896,0.10804294668203696,0.0
DK2,0.95,2000,1.06,16.0,16.0,16.0,16.0,16.0,16.0,16.0,0.0,0.0,73.64805602118031,60.02310188362367,45.89377961089804,31.083692341857272,12.870805310729253,4.745953682001613,0.07558991319529373,0.0,0.0
DK2,0.98,2000,1.3900000000000001,16.0,16.0,16.0,16.0,16.0,16.0,16.0,0.0,0.0,54.14771530855842,47.890231679953104,40.42565750115614,31.175555502608177,16.000455893620824,6.505295427503711,0.6866224521357864,0.0,0.0
DK2,0.99,2000,1.75,16.0,16.0,16.0,16.0,16.0,16.0,16.0,0.0,0.0,42.03055633938675,38.67105593717042,34.37484189664019,28.562646177868373,17.28172283309982,8.242615761258207,1.618651247794844,0.0,0.0
DK2,0.995,2000,2.27,16.0,16.0,16.0,16.0,16.0,16.0,16.0,16.0,0.0,32.07968061981683,30.312295937477757,27.940127050476804,24.524016202913117,17.00396213939257,9.634758006387528,2.9346854106582896,0.0965833416227646,0.0
FI,0.95,2000,1.62,16.0,16.0,16.0,16.0,16.0,16.0,16.0,0.0,0.0,64.24836099240338,50.776485403788456,37.64384020741659,25.64398137167757,13.501076533426726,7.829788184883682,2.9106071610127913,0.0,0.0
FI,0.98,2000,1.84,16.0,16.0,16.0,16.0,16.0,16.0,16.0,0.0,0.0,48.36193789596473,42.15474932522011,35.045222637591905,26.95273722209231,15.453286494038252,8.757353914051976,3.4009306775100754,0.0,0.0
FI,0.99,2000,2.2,16.0,16.0,16.0,16.0,16.0,16.0,16.0,16.0,0.0,38.59878100240576,35.259331216139344,31.111061105951194,25.819254168604857,16.57641280230564,9.771366586527392,4.029558862951831,0.09909518845382337,0.0
FI,0.995,2000,2.7300000000000004,16.0,16.0,16.0,16.0,16.0,16.0,16.0,16.0,0.0,30.488425392821227,28.728644471307234,26.414573948296493,23.213927819034325,16.67226609357749,10.696245639051995,4.9010011620357545,0.5509167394276062,0.0
NO2,0.95,2000,0.09,16.0,16.0,16.0,0.0,0.0,0.0,0.0,0.0,0.0,10.486820649836119,2.6707975857931885,0.4734805451370949,0.0,0.0,0.0,0.0,0.0,0.0
NO2,0.98,2000,0.11,16.0,16.0,16.0,16.0,0.0,0.0,0.0,0.0,0.0,7.437822268955756,3.1118244851541306,0.9190427997091675,0.05672554287491538,0.0,0.0,0.0,0.0,0.0
NO2,0.99,2000,0.135,16.0,16.0,16.0,16.0,0.0,0.0,0.0,0.0,0.0,5.61666584397733,3.0398333377307836,1.2493294521744787,0.22254641730537017,0.0,0.0,0.0,0.0,0.0
NO2,0.995,2000,0.17500000000000002,16.0,16.0,16.0,16.0,0.0,0.0,0.0,0.0,0.0,4.175882845511751,2.711269610325985,1.4323602032170584,0.4440284404969077,0.0,0.0,0.0,0.0,0.0
