rule,gamma,obsset,algo,seed,region,steps,eval_split,drawmean_reported_return_pct,drawmean_ledger_return_pct,drawmean_mean_abs_lev_open,drawshare_floor_bound,drawshare_closed,seconds,T,L0,L0.02,L0.05,L0.1,L0.25,L0.5,L0.75,L1,L1.25,L1.5,L2,L2.5,L3,L4,L5
FL,0.95,EQ,PPO,0,DK1,1000000,test,0.0,0.0,0.0,0.0,0.0,1194.4,0.0,0.0,0.0,0.0,0.0,0.0,0.0,0.0,0.0,0.0,0.0,0.0,0.0,0.0,0.0,0.0
FL,0.95,EQ,PPO,0,DK2,1000000,test,4.003785625011557,4.003785625011557,0.25,0.0,0.0,1183.5,0.0,0.25,0.25,0.25,0.25,0.25,4.0,4.0,0.25,0.25,0.25,0.25,0.25,0.25,0.25,0.25
FL,0.95,EQ,PPO,1,DK1,1000000,test,0.0,0.0,0.0,0.0,0.0,1166.8,0.0,0.0,0.0,0.0,0.0,0.0,0.0,0.0,0.0,16.0,16.0,16.0,16.0,16.0,16.0,16.0
FL,0.95,EQ,PPO,1,DK2,1000000,test,0.0,0.0,0.0,0.0,0.0,1191.4,0.0,0.0,0.0,0.0,0.0,0.0,0.0,0.0,0.0,0.0,0.0,0.0,0.0,0.0,0.0,0.0
FL,0.95,EQ,PPO,2,DK1,1000000,test,-37.49387531249964,-37.49387531249964,16.0,0.0,0.8,1135.0,5.0,16.0,16.0,16.0,16.0,16.0,16.0,16.0,16.0,16.0,16.0,16.0,16.0,16.0,16.0,16.0
FL,0.95,EQ,PPO,2,DK2,1000000,test,17.01369109374163,17.01369109374163,0.934286328460877,0.0,0.0,1130.7,0.0,1.0,1.0,1.0,1.0,1.0,1.0,1.0,1.0,1.0,0.25,0.25,0.25,0.25,4.0,4.0
FL,0.95,EQ,PPO,3,DK1,1000000,test,-5.259740609385801,-5.259740609385801,1.0292390986643682,0.0,0.05,1273.7,0.5,16.0,16.0,16.0,16.0,16.0,16.0,1.0,1.0,1.0,1.0,1.0,0.25,0.25,0.25,0.25
FL,0.95,EQ,PPO,3,DK2,1000000,test,-73.09084176562945,-73.09084176562945,14.911978331652463,0.0,0.9,1231.8,3.0,16.0,16.0,16.0,16.0,16.0,16.0,16.0,16.0,16.0,16.0,16.0,16.0,16.0,4.0,0.25
FL,0.95,EQ,PPO,4,DK1,1000000,test,1.3588751718646424,1.3588751718646424,1.2881198051017484,0.0,0.0,939.6,0.0,1.0,1.0,1.0,1.0,1.0,16.0,16.0,16.0,1.0,1.0,1.0,1.0,1.0,1.0,1.0
FL,0.95,EQ,PPO,4,DK2,1000000,test,16.023883124989766,16.023883124989766,1.0,0.0,0.0,925.4,0.0,1.0,1.0,1.0,1.0,1.0,1.0,1.0,1.0,1.0,1.0,1.0,1.0,1.0,16.0,16.0
FL,0.995,EQ,PPO,0,DK1,1000000,test,-1.6264056250105987,-1.6264056250105987,0.9993527276201395,0.0,0.0,1185.7,0.0,4.0,4.0,4.0,4.0,1.0,1.0,1.0,1.0,1.0,0.0,0.0,0.0,0.0,0.0,0.0
FL,0.995,EQ,PPO,0,DK2,1000000,test,4.003785625011557,4.003785625011557,0.25,0.0,0.0,1189.0,0.0,0.25,0.25,0.25,0.25,0.25,0.25,0.25,0.25,0.25,0.25,16.0,16.0,16.0,16.0,16.0
FL,0.995,EQ,PPO,1,DK1,1000000,test,-2.9245625000107807,-2.9245625000107807,1.0,0.0,0.0,1186.5,0.0,1.0,1.0,1.0,1.0,1.0,1.0,1.0,1.0,1.0,1.0,4.0,4.0,4.0,4.0,4.0
FL,0.995,EQ,PPO,1,DK2,1000000,test,82.2746048437504,82.2746048437504,11.345271693311128,0.0,0.7,1192.4,0.0,4.0,4.0,4.0,4.0,4.0,16.0,16.0,16.0,16.0,16.0,16.0,16.0,16.0,16.0,16.0
FL,0.995,EQ,PPO,2,DK1,1000000,test,-15.0009287499964,-15.0009287499964,1.2055221171300279,0.0,0.0,1134.4,0.0,0.0,0.0,0.0,0.0,0.0,0.0,4.0,4.0,4.0,4.0,4.0,4.0,4.0,4.0,4.0
FL,0.995,EQ,PPO,2,DK2,1000000,test,38.828181718755694,38.828181718755694,2.582172542275724,0.0,0.0,1049.5,0.0,0.0,0.0,0.0,0.0,0.0,0.0,4.0,4.0,4.0,4.0,4.0,4.0,4.0,4.0,4.0
FL,0.995,EQ,PPO,3,DK1,1000000,test,-2.9245625000107807,-2.9245625000107807,1.0,0.0,0.0,1271.8,0.0,4.0,4.0,4.0,4.0,0.0,1.0,1.0,1.0,1.0,1.0,1.0,1.0,1.0,1.0,1.0
FL,0.995,EQ,PPO,3,DK2,1000000,test,-20.035276875007522,-20.035276875007522,1.0,0.0,0.0,1267.2,0.0,1.0,1.0,1.0,1.0,1.0,1.0,1.0,1.0,1.0,1.0,1.0,1.0,1.0,1.0,1.0
FL,0.995,EQ,PPO,4,DK1,1000000,test,-2.9245625000107807,-2.9245625000107807,1.0,0.0,0.0,927.1,0.0,1.0,1.0,1.0,1.0,1.0,1.0,1.0,1.0,1.0,1.0,1.0,1.0,1.0,1.0,1.0
FL,0.995,EQ,PPO,4,DK2,1000000,test,0.0,0.0,0.0,0.0,0.0,912.3,0.0,1.0,1.0,1.0,0.0,0.0,0.0,0.0,0.0,0.0,0.0,0.0,0.0,0.0,0.0,0.0
ZF,0.95,EQ,PPO,0,DK1,1000000,test,135.77988057811604,52.5575301093652,6.575738033820578,0.4,0.0,1247.2,2.0,16.0,16.0,16.0,16.0,16.0,16.0,16.0,16.0,16.0,16.0,16.0,1.0,1.0,1.0,1.0
ZF,0.95,EQ,PPO,0,DK2,1000000,test,50.44527928124328,-23.84156854688384,1.5511607910576095,0.65,0.0,1234.7,0.75,16.0,16.0,16.0,16.0,16.0,16.0,16.0,1.0,1.0,1.0,1.0,1.0,1.0,1.0,1.0
ZF,0.95,EQ,PPO,1,DK1,1000000,test,126.18898526561534,53.85911165623959,5.720048724562911,0.4,0.0,1190.9,2.0,16.0,16.0,16.0,16.0,16.0,16.0,16.0,16.0,16.0,16.0,16.0,1.0,1.0,4.0,4.0
ZF,0.95,EQ,PPO,1,DK2,1000000,test,140.48253393749954,83.56026295312441,4.3278112162033056,0.5,0.0,1193.2,2.0,16.0,16.0,16.0,16.0,16.0,16.0,16.0,16.0,16.0,16.0,16.0,0.0,0.0,0.0,0.0
ZF,0.95,EQ,PPO,2,DK1,1000000,test,78.03593139061508,13.818311890615458,4.267483519633133,0.45,0.0,1202.3,1.5,16.0,16.0,16.0,16.0,16.0,16.0,16.0,16.0,16.0,16.0,1.0,1.0,1.0,1.0,1.0
ZF,0.95,EQ,PPO,2,DK2,1000000,test,95.16291334374944,0.4065200312494305,3.4661006018916596,0.55,0.0,1192.2,1.5,16.0,16.0,16.0,16.0,16.0,16.0,16.0,16.0,16.0,16.0,0.0,1.0,1.0,1.0,1.0
ZF,0.95,EQ,PPO,3,DK1,1000000,test,-4.702102390635371,-13.45054403126081,1.0538119805101749,0.05,0.0,1048.6,0.5,16.0,16.0,16.0,16.0,16.0,16.0,1.0,1.0,1.0,1.0,1.0,1.0,1.0,1.0,1.0
ZF,0.95,EQ,PPO,3,DK2,1000000,test,3.3095156406365533,3.3095156406365533,0.25835124677558036,0.0,0.0,1053.5,0.75,16.0,16.0,16.0,16.0,16.0,16.0,16.0,0.25,0.25,0.25,0.25,0.25,0.25,0.25,0.25
ZF,0.95,EQ,PPO,4,DK1,1000000,test,38.25069785938737,0.4993566250098741,1.8206739036973343,0.25,0.0,1263.4,1.0,16.0,16.0,16.0,16.0,16.0,16.0,16.0,16.0,0.25,0.25,0.25,0.25,0.25,0.25,0.25
ZF,0.95,EQ,PPO,4,DK2,1000000,test,173.6167836875008,72.95099304687766,8.073918028088277,0.65,0.0,1290.2,1.5,16.0,16.0,16.0,16.0,16.0,16.0,16.0,16.0,16.0,16.0,4.0,4.0,4.0,4.0,4.0
ZF,0.98,EQ,PPO,0,DK1,1000000,test,-2.9245625000107807,-2.9245625000107807,1.0,0.0,0.0,1250.8,0.25,16.0,16.0,16.0,16.0,16.0,1.0,1.0,1.0,1.0,1.0,1.0,0.25,0.25,0.25,0.25
ZF,0.98,EQ,PPO,0,DK2,1000000,test,-18.795035781257287,-32.410251093757815,1.0038693035253654,0.05,0.0,1254.5,0.25,16.0,16.0,16.0,16.0,16.0,1.0,1.0,1.0,1.0,1.0,1.0,1.0,1.0,1.0,1.0
ZF,0.98,EQ,PPO,1,DK1,1000000,test,48.209216515614294,1.3938702031159216,3.0265477214101457,0.35,0.0,1157.3,1.25,16.0,16.0,16.0,16.0,16.0,16.0,16.0,16.0,16.0,1.0,1.0,1.0,1.0,1.0,1.0
ZF,0.98,EQ,PPO,1,DK2,1000000,test,101.84806832812474,51.95052218749959,3.136486099168816,0.45,0.0,1163.0,1.5,16.0,16.0,16.0,16.0,16.0,16.0,16.0,16.0,16.0,16.0,0.0,0.0,0.0,0.0,0.0
ZF,0.98,EQ,PPO,2,DK1,1000000,test,113.04849614061857,-152.51507632812906,13.863999355116079,0.9,0.0,1200.7,3.0,16.0,16.0,16.0,16.0,16.0,16.0,16.0,16.0,16.0,16.0,16.0,16.0,16.0,0.25,0.25
ZF,0.98,EQ,PPO,2,DK2,1000000,test,219.3811328749989,151.99856548437384,6.72139103850196,0.55,0.0,1213.0,2.5,16.0,16.0,16.0,16.0,16.0,16.0,16.0,16.0,16.0,16.0,16.0,16.0,0.0,0.0,0.0
ZF,0.98,EQ,PPO,3,DK1,1000000,test,2.780570578114614,-3.6979589218861406,1.1300157638291775,0.1,0.0,1058.1,0.5,16.0,16.0,16.0,16.0,16.0,16.0,1.0,1.0,1.0,1.0,1.0,1.0,1.0,1.0,1.0
ZF,0.98,EQ,PPO,3,DK2,1000000,test,70.36458240624096,23.684587812491134,2.2345944396675264,0.4,0.0,1051.4,1.0,16.0,16.0,16.0,16.0,16.0,16.0,16.0,16.0,1.0,1.0,1.0,1.0,1.0,1.0,1.0
ZF,0.98,EQ,PPO,4,DK1,1000000,test,195.16104160937522,24.739455140625534,11.133390656348524,0.7,0.0,1296.5,2.5,16.0,16.0,16.0,16.0,16.0,16.0,16.0,16.0,16.0,16.0,16.0,16.0,4.0,4.0,4.0
ZF,0.98,EQ,PPO,4,DK2,1000000,test,191.27461343749627,65.4482646250004,9.506534823731728,0.75,0.0,1286.1,2.0,16.0,16.0,16.0,16.0,16.0,16.0,16.0,16.0,16.0,16.0,16.0,4.0,4.0,4.0,4.0
ZF,0.995,EQ,PPO,0,DK1,1000000,test,-0.41455312498626695,-0.41455312498626695,0.25,0.0,0.0,1238.7,0.5,16.0,16.0,16.0,16.0,16.0,16.0,0.25,0.25,0.25,0.25,0.25,0.25,1.0,1.0,1.0
ZF,0.995,EQ,PPO,0,DK2,1000000,test,136.05994085938406,-13.238850671867644,5.019351891659501,0.6,0.0,1178.0,2.0,16.0,16.0,16.0,16.0,16.0,16.0,16.0,16.0,16.0,16.0,16.0,0.25,0.25,0.25,0.25
ZF,0.995,EQ,PPO,1,DK1,1000000,test,-0.2947054687362668,-0.2947054687362668,0.2500752364574376,0.0,0.0,1151.6,0.75,16.0,16.0,16.0,16.0,16.0,16.0,16.0,0.25,0.25,0.25,0.25,0.25,0.25,0.25,0.25
ZF,0.995,EQ,PPO,1,DK2,1000000,test,85.97216982813245,10.81684982813027,2.8819378761822874,0.45,0.0,1166.8,1.5,16.0,16.0,16.0,16.0,16.0,16.0,16.0,16.0,16.0,16.0,0.25,0.25,0.25,0.25,0.25
ZF,0.995,EQ,PPO,2,DK1,1000000,test,70.36113140624518,1.6450268124952523,4.500408426483234,0.4,0.0,1143.1,1.0,16.0,16.0,16.0,16.0,16.0,16.0,16.0,16.0,4.0,4.0,1.0,1.0,1.0,1.0,1.0
ZF,0.995,EQ,PPO,2,DK2,1000000,test,49.57102501562251,21.17948626562302,1.6075881341358553,0.2,0.0,1133.3,1.25,16.0,16.0,16.0,16.0,16.0,16.0,16.0,16.0,16.0,1.0,1.0,1.0,1.0,1.0,1.0
ZF,0.995,EQ,PPO,3,DK1,1000000,test,-0.732921874985824,-0.732921874985824,0.25,0.0,0.0,1231.6,0.75,16.0,16.0,16.0,16.0,16.0,16.0,16.0,0.25,0.25,0.25,0.25,0.25,0.25,0.25,0.25
ZF,0.995,EQ,PPO,3,DK2,1000000,test,72.11493890625306,43.157582031252936,3.3442963599885354,0.2,0.0,1250.4,0.25,16.0,16.0,16.0,16.0,16.0,1.0,1.0,16.0,16.0,16.0,16.0,16.0,16.0,16.0,16.0
ZF,0.995,EQ,PPO,4,DK1,1000000,test,47.65422400001101,-0.4481783281154302,2.4774129406706793,0.3,0.0,1269.4,1.25,16.0,16.0,16.0,16.0,16.0,16.0,16.0,16.0,16.0,0.25,0.25,0.25,0.25,0.25,0.25
ZF,0.995,EQ,PPO,4,DK2,1000000,test,368.4240937656274,246.72483309375212,16.0,0.6,0.0,1284.3,5.0,16.0,16.0,16.0,16.0,16.0,16.0,16.0,16.0,16.0,16.0,16.0,16.0,16.0,16.0,16.0
ZF,0.99,EQ,PPO,0,DK1,1000000,test,19.296069359387737,13.54344804688732,0.9170464316423044,0.15,0.0,1231.7,1.0,16.0,16.0,16.0,16.0,16.0,16.0,16.0,16.0,0.25,0.25,0.25,0.25,0.25,0.25,0.25
ZF,0.99,EQ,PPO,0,DK2,1000000,test,131.4640048750004,-311.63754503125017,16.0,1.0,0.0,1257.6,5.0,16.0,16.0,16.0,16.0,16.0,16.0,16.0,16.0,16.0,16.0,16.0,16.0,16.0,16.0,16.0
ZF,0.99,EQ,PPO,1,DK1,1000000,test,125.81105668750656,44.715461468756615,7.6129550014330745,0.65,0.0,1154.7,1.5,16.0,16.0,16.0,16.0,16.0,16.0,16.0,16.0,16.0,16.0,4.0,4.0,4.0,4.0,4.0
ZF,0.99,EQ,PPO,1,DK2,1000000,test,82.2181576250116,48.75348728126005,2.167852536543422,0.35,0.0,1163.9,1.5,16.0,16.0,16.0,16.0,16.0,16.0,16.0,16.0,16.0,16.0,0.25,0.25,0.25,0.25,0.25
ZF,0.99,EQ,PPO,2,DK1,1000000,test,166.61270931250823,-51.968310765622235,12.73122671252508,0.85,0.0,1132.4,3.0,16.0,16.0,16.0,16.0,16.0,16.0,16.0,16.0,16.0,16.0,16.0,16.0,16.0,1.0,1.0
ZF,0.99,EQ,PPO,2,DK2,1000000,test,9.716234687500009,-0.37931406249998467,0.22864239992356933,0.1,0.0,1129.3,1.0,16.0,16.0,16.0,16.0,16.0,16.0,16.0,16.0,0.0,0.0,0.0,0.0,0.0,0.0,0.0
ZF,0.99,EQ,PPO,3,DK1,1000000,test,-2.724263859381093,-4.53567067188204,0.9732588134135856,0.1,0.0,1042.9,0.5,16.0,16.0,16.0,16.0,16.0,16.0,4.0,1.0,0.25,0.25,0.25,0.25,0.25,0.25,0.25
ZF,0.99,EQ,PPO,3,DK2,1000000,test,38.075768312491505,-15.17510662500977,1.1316279736314132,0.4,0.0,1041.8,0.75,16.0,16.0,16.0,16.0,16.0,16.0,16.0,1.0,1.0,1.0,1.0,1.0,1.0,0.25,4.0
ZF,0.99,EQ,PPO,4,DK1,1000000,test,64.14663028123992,13.136386046864796,3.7238822012037835,0.3,0.0,1290.6,1.25,16.0,16.0,16.0,16.0,16.0,16.0,16.0,16.0,16.0,1.0,1.0,1.0,1.0,1.0,1.0
ZF,0.99,EQ,PPO,4,DK2,1000000,test,279.3078650468545,165.90205043748495,10.71693895098882,0.6,0.0,1283.2,3.0,16.0,16.0,16.0,16.0,16.0,16.0,16.0,16.0,16.0,16.0,16.0,16.0,16.0,4.0,4.0
