zone,gamma,dp_median,dp_min,dp_max,closed_form,length_scale
DK1,0.95,1.1099999999999999,0.96,1.1600000000000001,0.4961140843422649,0.08017179167850812
DK1,0.98,1.4500000000000002,1.25,1.4500000000000002,0.8614648514693081,0.14653740577346527
DK1,0.99,1.8,1.6,1.82,1.2742326781830227,0.22652238689228138
DK1,0.995,2.31,2.08,2.35,1.8483153373165373,0.34497300823819665
DK2,0.95,1.1400000000000001,1.08,1.22,0.5078801890480248,0.08019076865229446
DK2,0.98,1.5,1.3900000000000001,1.61,0.8713420593055534,0.14492270478658215
DK2,0.99,1.88,1.76,2.01,1.27753362218006,0.22217004083801453
DK2,0.995,2.4299999999999997,2.27,2.5700000000000003,1.866497935584826,0.34013114340487516
FI,0.95,2.0,1.13,2.24,0.36402831622989035,0.06223489918898454
FI,0.98,2.17,1.4100000000000001,2.91,0.6326004613225474,0.11410217411967376
FI,0.99,2.49,1.75,3.61,0.9651280188540959,0.18143578932871543
FI,0.995,3.0300000000000002,2.2,4.32,1.4246244142001392,0.28099922805186395
NO2,0.95,0.09,0.045,0.11,0.04325066987936551,0.01031751212080934
NO2,0.98,0.115,0.07,0.135,0.06770967887304,0.017653545787840834
