full_name,stars,included,exclusion_reason,account,borrowing,loss_accounting,reward,sizing,gambling_prone,evidence,note
AminHP/gym-anytrading,2387,yes,,NOACC,no,,OTHER(price difference),,no,gym_anytrading/envs/stocks_env.py L28-46 L56-62,reward = price difference of a long unit position; total_profit is a unit ratio for display
Yvictor/TradingGym,1921,yes,,NOACC,no,,LIN(position x price change - fee),ABS(units up to max_position),no,trading_env/envs/training_v1.py L94-96 L216 L237 L256,no capital account
notadamking/RLTrader,1868,yes,,ACC,no,UNLEV,LIN(IncrementalProfit default),CASH(fraction of balance),no,lib/env/TradingEnv.py L86-89 L123 L135 L147,episode ends below 10% of initial net worth; non-finite rewards replaced by 0 (irrelevant without borrowing)
deependersingla/deep_trader,1502,no,no environment class (functions env_stage_data/new_stage_data),,,,,,,tensor-reinforcement/pg_stock_model.py L303-316,
Ceruleanacg/Personae,1410,yes,,ACC,no,UNLEV,LIN(position value change) with fixed penalties,CASH,no,base/env/trader.py L74 L87 L113 L209-214,
sadighian/crypto-rl,968,yes,,NOACC,no,,LIN/RISK(inventory PnL variants),ABS(inventory units up to max_position),no,gym_trading/envs/base_environment.py L187-258 L339-340,no cash account; episode ends at max_steps
notadamking/Stock-Trading-Environment,855,yes,,ACC,no,UNLEV,OTHER(balance x delay modifier),CASH,no,env/StockTradingEnv.py L72 L77 L85 L109-110,done when net worth <= 0 (unreachable without borrowing)
thedimlebowski/Trading-Gym,568,yes,,NOACC,no,,LIN(instant PnL - fees),ABS(one unit long/short),no,tgym/envs/trading.py L104-135 L138-145,
AminHP/gym-mtsim,526,yes,,ACC,yes (leverage 100; long/short),LL,LIN(equity change),ABS(order volume from action),YES,gym_mtsim/simulator/mt_simulator.py L21-22 L88 L92-93 L147; gym_mtsim/envs/mt_env.py L119 L237,balance floored at 0 after stop-out; new orders refused without free margin; no termination on equity (truncation at end of data only)
ClementPerroud/Gym-Trading-Env,498,yes,,ACC,"no at defaults (positions [0, 1]); leverage and shorts configurable",UNLEV (NF when leverage or shorts are configured),LOG,EQ(position as fraction of portfolio valuation),no,"src/gym_trading_env/environments.py L17-18 L59 L246-247 L263-267; default positions [0, 1] at L81","coded at defaults per protocol (unlevered); when leverage or shorts are configured, the episode ends at valuation <= 0 and that step's reward is never computed (stays 0), forgiving the bankruptcy-step loss"
miroblog/deep_rl_trader,414,yes,,ACC,yes (1x short),OTHER(short return computed on exit price; bounded below at -100%),OTHER(per-trade percent return),EQ(balance compounds with return),no,TraderEnv.py L90-95 L107-108 L114-118,short payoff (entry-exit)/exit understates short losses and overstates short gains; not a pre-registered forgiveness category
golsun/deep-RL-trading,360,yes,,NOACC,no,,OTHER(direction x price change - cost; losses x (1+risk_averse)),ABS(unit),no,src/emulator.py L63-73 L78-91,
shenyichen105/Deep-Reinforcement-Learning-in-Stock-Trading,323,yes,,ACC,yes (short leg of pair; cash unconstrained),FL-cont,LIN(portfolio value change),ABS(100 shares),no,RLMDP/environment.py L63 L98 L108-134 L162-169,losses booked in full; cash may go negative
ucaiado/rl_trading,289,yes,,NOACC,no,,LIN(PnL),ABS(contracts),no,market_gym/envs/interest_rate/environment.py L92-93,
miroblog/tf_deep_rl_trader,252,yes,,ACC,yes (1x short),OTHER(short return computed on exit price; bounded below at -100%),OTHER(per-trade percent return),EQ,no,env/TFTraderEnv.py L106-124 L130-132,same environment family as miroblog/deep_rl_trader
hugocen/freqtrade-gym,231,yes,,ACC,no,UNLEV,OTHER(trade profit ratio),FIXED-NOTIONAL(stake),no,freqtradegym.py L191-195 L211-238,spot long trades only
ThibautTheate/An-Application-of-Deep-Reinforcement-Learning-to-Algorithmic-Trading,215,yes,,ACC,yes (short with cash-coverage lower bound),FL-cont,OTHER(daily return of money),CASH(shares = floor(cash/price)),no,tradingEnv.py L193-206 L237-294,losses beyond the coverage bound are booked
danderfer/Comp_Sci_Sem_2,212,no,not a trading environment (no environment-like files),,,,,,,file tree,
harveybc/gym-fx,209,yes,,ACC,yes (FX margin),FL-recap,LIN(change in economic equity = equity - recapitalization debt),n/d,no,app/env.py L131 L153-154 L361-376 L384-387,explicitly books recapitalization as debt in the reward (the fix recommended by our checklist)
zero-was-here/tradingbot,200,yes,,ACC,yes (max leverage 2),FL-term,LOG(minus drawdown and turnover penalties),EQ(volatility-targeted lots from equity),no,aurum/rl/env.py L7-8 L20-21 L140 L169-197 L452-454,"docstring documents a fixed legacy bug in which shaped reward was compounded into reported equity (""equity was not money"")"
