region,rule,equity,opt_abs_lev,gain_over_flat_eur,iterations
FI,FL,0.0,0.0,0.0,1
FI,FL,0.02,0.0,0.0,1
FI,FL,0.05,0.0,0.0,1
FI,FL,0.1,0.0,0.0,1
FI,FL,0.25,0.0,0.0,1
FI,FL,0.5,0.0,0.0,1
FI,FL,1.0,0.0,0.0,1
FI,FL,2.0,0.0,0.0,1
FI,FL,3.0,0.0,0.0,1
FI,LL,0.0,16.0,273.95641749950335,12
FI,LL,0.02,16.0,3.434997588490944,12
FI,LL,0.05,16.0,3.6462050062227718,12
FI,LL,0.1,16.0,3.409450636172153,12
FI,LL,0.25,16.0,1.8842282691435912,12
FI,LL,0.5,16.0,0.3768807089197992,12
FI,LL,1.0,0.0,0.0,12
FI,LL,2.0,0.0,0.0,12
FI,LL,3.0,0.0,0.0,12
FI,ZF,0.0,16.0,28.122123102121805,19
FI,ZF,0.02,16.0,24.793252157333427,19
FI,ZF,0.05,16.0,20.68663687417552,19
FI,ZF,0.1,16.0,15.52527398222037,19
FI,ZF,0.25,16.0,6.938062003218647,19
FI,ZF,0.5,16.0,1.8181975742756151,19
FI,ZF,1.0,0.0,0.0,19
FI,ZF,2.0,0.0,0.0,19
FI,ZF,3.0,0.0,0.0,19
NO2,FL,0.0,0.0,0.0,1
NO2,FL,0.02,0.0,0.0,1
NO2,FL,0.05,0.0,0.0,1
NO2,FL,0.1,0.0,0.0,1
NO2,FL,0.25,0.0,0.0,1
NO2,FL,0.5,0.0,0.0,1
NO2,FL,1.0,0.0,0.0,1
NO2,FL,2.0,0.0,0.0,1
NO2,FL,3.0,0.0,0.0,1
NO2,LL,0.0,16.0,37.9438082121213,6
NO2,LL,0.02,16.0,0.35794660199155715,6
NO2,LL,0.05,16.0,0.09844375472726519,6
NO2,LL,0.1,0.0,0.0,6
NO2,LL,0.25,0.0,0.0,6
NO2,LL,0.5,0.0,0.0,6
NO2,LL,1.0,0.0,0.0,6
NO2,LL,2.0,0.0,0.0,6
NO2,LL,3.0,0.0,0.0,6
NO2,ZF,0.0,16.0,5.353404485013925,15
NO2,ZF,0.02,16.0,2.8073176634514425,15
NO2,ZF,0.05,16.0,1.058683072220063,15
NO2,ZF,0.1,16.0,0.09700549431200933,15
NO2,ZF,0.25,0.0,0.0,15
NO2,ZF,0.5,0.0,0.0,15
NO2,ZF,1.0,0.0,0.0,15
NO2,ZF,2.0,0.0,0.0,15
NO2,ZF,3.0,0.0,0.0,15
