condition,algo,seed,steps,reported_return_pct,booked_return_pct,wiped_share,seconds,x0.02,x0.05,x0.1,x0.25,x0.5,x1,x2,xlow,gap
FLPATCH,PPO,0,1000000,0.0,0.0,0.0,1413.0,0.0,0.0,0.0,0.0,0.0,0.0,0.0,0.0,0.0
FLPATCH,PPO,1,1000000,0.0,0.0,0.0,1432.0,0.0,0.0,0.0,0.0,0.0,0.0,0.0,0.0,0.0
FLPATCH,PPO,2,1000000,0.0,0.0,0.0,1412.8,0.0,0.0,0.0,0.0,0.0,0.0,0.0,0.0,0.0
FLPATCH,PPO,3,1000000,0.0,0.0,0.0,1398.6,0.0,0.0,0.0,0.0,0.0,0.0,0.0,0.0,0.0
FLPATCH,PPO,4,1000000,0.0,0.0,0.0,1387.5,0.0,0.0,0.0,0.0,0.0,0.0,0.0,0.0,0.0
FLPATCH,PPO,5,1000000,0.0,0.0,0.0,1395.2,0.0,0.0,0.0,0.0,0.0,0.0,0.0,0.0,0.0
FLPATCH,PPO,6,1000000,0.0,0.0,0.0,1405.7,0.0,0.0,0.0,0.0,0.0,0.0,0.0,0.0,0.0
FLPATCH,PPO,7,1000000,0.0,0.0,0.0,1458.7,0.0,0.0,0.0,0.0,0.0,0.0,0.0,0.0,0.0
FLPATCH,PPO,8,1000000,0.0,0.0,0.0,1432.2,0.0,0.0,0.0,0.0,0.0,0.0,0.0,0.0,0.0
FLPATCH,PPO,9,1000000,0.0,0.0,0.0,1435.0,0.0,0.0,0.0,0.0,0.0,0.0,0.0,0.0,0.0
ORIG,PPO,0,1000000,0.0,0.0,0.0,1402.5,0.0,0.0,0.0,0.0,0.0,0.0,0.0,0.0,0.0
ORIG,PPO,1,1000000,0.0,0.0,0.0,1397.4,0.0,0.0,0.0,0.0,0.0,0.0,0.0,0.0,0.0
ORIG,PPO,2,1000000,0.0,0.0,0.0,1450.0,0.0,0.0,0.0,0.0,0.0,0.0,0.0,0.0,0.0
ORIG,PPO,3,1000000,0.0,0.0,0.0,1418.0,0.0,0.0,0.0,0.0,0.0,0.0,0.0,0.0,0.0
ORIG,PPO,4,1000000,0.0,0.0,0.0,1398.6,0.0,0.0,0.0,0.0,0.0,0.0,0.0,0.0,0.0
ORIG,PPO,5,1000000,0.0,0.0,0.0,1405.9,0.0,0.0,0.0,0.0,0.0,0.0,0.0,0.0,0.0
ORIG,PPO,6,1000000,0.0,0.0,0.0,1402.6,0.0,0.0,0.0,0.0,0.0,0.0,0.0,0.0,0.0
ORIG,PPO,7,1000000,0.0,0.0,0.0,1432.9,0.0,0.0,0.0,0.0,0.0,0.0,0.0,0.0,0.0
ORIG,PPO,8,1000000,0.0,0.0,0.0,1432.4,0.0,0.0,0.0,0.0,0.0,0.0,0.0,0.0,0.0
ORIG,PPO,9,1000000,0.0,0.0,0.0,1454.4,0.0,0.0,0.0,0.0,0.0,0.0,0.0,0.0,0.0
