rule,obsset,algo,seed,region,steps,eval_split,drawmean_reported_return_pct,drawmean_ledger_return_pct,drawmean_mean_abs_lev_open,drawshare_floor_bound,drawshare_closed,seconds,L0,L0.02,L0.05,L0.1,L0.25,L0.5,L1,L2,L3
FL,EQ,PPO,0,DK1,1000000,test,-0.8551392187358271,-0.8551392187358271,0.2606495414158785,0.0,0.0,1031.1,0.25,0.25,0.25,0.25,0.25,0.25,0.25,4.0,4.0
FL,EQ,PPO,0,DK2,1000000,test,25.06564234376057,25.06564234376057,0.7541738320435655,0.0,0.0,1036.7,4.0,4.0,4.0,4.0,4.0,4.0,4.0,0.25,0.25
FL,EQ,PPO,1,DK1,1000000,test,-7.848211406242688,-7.848211406242688,4.0,0.0,0.35,1053.0,4.0,4.0,4.0,4.0,4.0,4.0,4.0,4.0,4.0
FL,EQ,PPO,1,DK2,1000000,test,4.003785625011557,4.003785625011557,0.25,0.0,0.0,1059.1,0.25,0.25,0.25,0.25,0.25,0.25,0.25,0.25,0.25
FL,EQ,PPO,2,DK1,1000000,test,-2.073504843744034,-2.073504843744034,4.0,0.0,0.35,1033.5,4.0,4.0,4.0,4.0,4.0,4.0,4.0,4.0,4.0
FL,EQ,PPO,2,DK2,1000000,test,4.003785625011557,4.003785625011557,0.25,0.0,0.0,1029.3,0.25,0.25,0.25,0.25,0.25,0.25,0.25,0.25,0.25
FL,EQ,PPO,3,DK1,1000000,test,-9.820821906259617,-9.820821906259617,3.9397660740058607,0.0,0.35,832.3,16.0,16.0,16.0,16.0,16.0,16.0,16.0,1.0,1.0
FL,EQ,PPO,3,DK2,1000000,test,68.04658078125678,68.04658078125678,4.0,0.0,0.1,824.6,4.0,4.0,4.0,4.0,4.0,4.0,4.0,4.0,4.0
FL,EQ,PPO,4,DK1,1000000,test,-0.732921874985824,-0.732921874985824,0.25,0.0,0.0,866.0,0.25,0.25,0.25,0.25,0.25,0.25,0.25,0.0,0.0
FL,EQ,PPO,4,DK2,1000000,test,10.226035781241825,10.226035781241825,4.596189288117208,0.0,0.25,808.7,16.0,16.0,16.0,16.0,16.0,16.0,16.0,1.0,1.0
FL,FULL,PPO,0,DK1,1000000,test,-33.396146749997136,-33.396146749997136,4.3491833704736225,0.0,0.65,1029.6,4.974302636606802,4.9737294612151315,4.935422239205197,4.870844478410394,4.778658769583492,4.584161253343523,4.218952999617883,3.6737676729079096,3.477264042797096
FL,FULL,PPO,0,DK2,1000000,test,63.36166064062597,63.36166064062597,11.592522369135907,0.0,0.55,1051.8,8.588077951853267,8.680168131448223,8.768723729461215,8.972774168895683,9.34428735192969,10.066201757737868,11.301012609858617,12.71102407336645,13.645395491020253
FL,FULL,PPO,1,DK1,1000000,test,-56.700991031247874,-56.700991031247874,6.281149039115808,0.0,0.8,1043.5,7.275697363393198,7.261941153993122,7.224302636606802,7.161539931218953,6.99942682460833,6.71121513183034,6.205196790217807,5.34581581964081,4.623328238440963
FL,FULL,PPO,1,DK2,1000000,test,-30.299093499999685,-30.299093499999685,8.914927914524897,0.0,0.75,1044.3,6.188097057699656,6.197936568589989,6.228028276652656,6.303687428353076,6.453286205578907,6.725831104317921,7.661730989682843,10.047669086740543,12.4638899503248
FL,FULL,PPO,2,DK1,1000000,test,-26.249174328122557,-26.249174328122557,5.4132966307551325,0.0,0.65,986.5,6.587409247229652,6.555693542223921,6.518532670997325,6.473920519679022,6.263278563240352,6.0940962934658005,5.627627053878487,4.9908291937332825,4.432556362246848
FL,FULL,PPO,2,DK2,1000000,test,-51.144876953124154,-51.144876953124154,10.457818737607571,0.0,0.8,978.1,9.07355750859763,9.11692777990065,9.146159724875812,9.26786396637371,9.557508597630875,9.985670615208253,10.879824226213222,12.252006113870845,13.356037447458922
FL,FULL,PPO,3,DK1,1000000,test,-27.225075640628084,-27.225075640628084,7.4741512576241504,0.0,0.75,860.0,7.695452808559419,7.707776079480321,7.727550630492931,7.720959113488727,7.686473060756591,7.629728696981276,7.481753916698509,7.410775697363393,7.336645013374093
FL,FULL,PPO,3,DK2,1000000,test,-9.004625640624505,-9.004625640624505,10.345773611038116,0.0,0.7,860.0,9.99961788307222,9.993504012227742,9.992262132212456,9.997611769201376,9.967424531906763,9.984524264424914,9.957871608712265,9.842090179594956,9.476117692013757
FL,FULL,PPO,4,DK1,1000000,test,-30.782139359376565,-30.782139359376565,3.5407901731764104,0.0,0.65,809.2,5.453286205578907,5.446408100878869,5.418895682078716,5.355368742835307,5.19124952235384,4.825945739396255,4.034581581964081,2.799293083683607,2.1158769583492547
FL,FULL,PPO,4,DK2,1000000,test,23.304687421876622,23.304687421876622,8.494162221768873,0.0,0.75,803.1,6.009839510890332,6.051490256018342,6.1089033244172715,6.19182269774551,6.46236148261368,6.876576232327092,7.996274359954146,10.572220099350401,13.372946121513182
LL,EQ,PPO,0,DK1,1000000,test,11.151253281254537,11.151253281254537,2.124892519346518,0.0,0.0,1046.2,0.25,0.25,0.25,0.25,0.25,0.25,4.0,4.0,4.0
LL,EQ,PPO,0,DK2,1000000,test,0.0,0.0,0.0,0.0,0.0,1040.6,16.0,16.0,16.0,16.0,16.0,0.0,0.0,0.0,0.0
LL,EQ,PPO,1,DK1,1000000,test,-0.41455312498626695,-0.41455312498626695,0.25,0.0,0.0,1036.5,0.25,0.25,0.25,0.25,0.25,0.25,0.25,0.25,1.0
LL,EQ,PPO,1,DK2,1000000,test,6.255168437490495,6.141827499990178,1.0173241252924512,0.1,0.1,1053.7,1.0,1.0,1.0,1.0,1.0,4.0,1.0,1.0,1.0
LL,EQ,PPO,2,DK1,1000000,test,-2.9245625000107807,-2.9245625000107807,1.0,0.0,0.0,1028.0,1.0,1.0,1.0,1.0,1.0,1.0,1.0,1.0,1.0
LL,EQ,PPO,2,DK2,1000000,test,49.56594015625599,49.56594015625599,3.136912439094296,0.0,0.0,1043.7,0.25,0.25,0.25,0.25,0.25,4.0,4.0,4.0,4.0
LL,EQ,PPO,3,DK1,1000000,test,2.832935312489153,2.832935312489153,1.0438950988822011,0.0,0.0,830.3,4.0,4.0,4.0,4.0,4.0,4.0,1.0,1.0,1.0
LL,EQ,PPO,3,DK2,1000000,test,-5.011004374988627,-5.011004374988627,0.25,0.0,0.0,829.2,16.0,16.0,16.0,16.0,16.0,16.0,0.25,0.25,0.25
LL,EQ,PPO,4,DK1,1000000,test,-0.41455312498626695,-0.41455312498626695,0.25,0.0,0.0,811.4,16.0,16.0,16.0,16.0,16.0,0.25,0.25,0.25,0.25
LL,EQ,PPO,4,DK2,1000000,test,-20.035276875007522,-20.035276875007522,1.0,0.0,0.0,812.7,1.0,1.0,1.0,1.0,1.0,1.0,1.0,0.25,1.0
LL,FULL,PPO,0,DK1,1000000,test,-52.468057249999696,-58.606116406249456,7.151222637775781,0.8,0.8,1051.9,7.825277034772641,7.823079862437906,7.804929308368361,7.77015666794039,7.6850401222774165,7.5199656094764995,7.1028849828047385,6.031047000382117,4.9106801681314485
LL,FULL,PPO,0,DK2,1000000,test,66.43263762500142,63.094738593751174,10.534800890934806,0.55,0.55,1057.4,9.796904852884984,9.792319449751623,9.767672907909821,9.679690485288498,9.619220481467329,9.353935804356134,8.94163163928162,9.539453572793274,11.369602598395108
LL,FULL,PPO,1,DK1,1000000,test,-32.986812250000455,-39.18766040625086,8.138748474797268,0.7,0.7,1052.5,9.996274359954146,9.981467329002674,9.955865494841422,9.92453190676347,9.654088651127244,9.279709591134887,8.583874665647688,7.294421092854414,6.146637371035537
LL,FULL,PPO,1,DK2,1000000,test,20.452798703124337,12.374687015624625,7.48105335210271,0.6,0.6,1023.5,7.898547955674436,7.893962552541078,7.886224684753534,7.872181887657623,7.797286969812763,7.700706916316393,7.389377149407719,6.801299197554451,5.978028276652656
LL,FULL,PPO,2,DK1,1000000,test,33.26204557812503,29.89055034375003,7.374428208264229,0.6,0.6,987.6,7.097057699656094,7.103267099732518,7.110336262896446,7.128486816965991,7.13345433702713,7.163641574321742,7.299006495987772,7.447076805502483,7.596484524264425
LL,FULL,PPO,2,DK2,1000000,test,-8.328859687500799,-22.7738937343753,3.9980387735224197,0.7,0.7,980.5,4.292797095911349,4.277321360336263,4.280378295758502,4.277034772640428,4.238918609094383,4.160106992739778,4.069927397783722,3.961883836453955,3.9089606419564387
LL,FULL,PPO,3,DK1,1000000,test,-19.875686953125204,-23.081857750000687,5.8563936330071185,0.7,0.7,865.8,6.8496369889186095,6.841230416507451,6.8373137179977075,6.846484524264425,6.887275506304929,6.800248376003057,6.440103171570501,5.241211310661062,3.5660106992739777
LL,FULL,PPO,3,DK2,1000000,test,-13.556987796876133,-23.91124562500055,5.063340474150209,0.75,0.75,857.8,7.48213603362629,7.412781811234238,7.31047000382117,7.159056171188384,6.836358425678258,6.356132976690867,5.468188765762323,3.8439052350019107,3.150840657241116
LL,FULL,PPO,4,DK1,1000000,test,-33.7410460468744,-41.54011754687388,8.470275823702723,0.8,0.8,623.3,11.035632403515475,10.998280473824991,10.953668322506687,10.949273977837219,10.65628582346198,10.014520443255636,8.33272831486435,5.011941153993122,3.9567252579289263
LL,FULL,PPO,4,DK2,1000000,test,43.186436359377815,37.01244642187787,7.225604143694769,0.7,0.7,619.7,8.814673290026748,8.791459686664119,8.803878486816966,8.782670997325182,8.772162781811234,8.627818112342377,8.107661444401987,6.2722583110431795,4.433225066870462
ZF,EQ,PPO,0,DK1,1000000,test,-0.732921874985824,-0.732921874985824,0.25,0.0,0.0,1034.6,16.0,16.0,16.0,16.0,16.0,16.0,0.25,0.25,0.25
ZF,EQ,PPO,0,DK2,1000000,test,108.12430334375674,-32.37259571874421,4.156941458870737,0.7,0.0,1038.2,16.0,16.0,16.0,16.0,16.0,16.0,16.0,0.25,1.0
ZF,EQ,PPO,1,DK1,1000000,test,20.859657578137575,-15.613742640613149,1.0365219260533105,0.15,0.0,1034.9,16.0,16.0,16.0,16.0,16.0,16.0,16.0,0.25,0.25
ZF,EQ,PPO,1,DK2,1000000,test,151.09189093749947,94.1696199531244,4.414674691888793,0.5,0.0,1042.4,16.0,16.0,16.0,16.0,16.0,16.0,16.0,16.0,0.0
ZF,EQ,PPO,2,DK1,1000000,test,-0.41455312498626695,-0.41455312498626695,0.25,0.0,0.0,993.3,16.0,16.0,16.0,16.0,16.0,16.0,0.25,0.25,0.25
ZF,EQ,PPO,2,DK2,1000000,test,0.0,0.0,0.0,0.0,0.0,996.4,16.0,16.0,16.0,16.0,16.0,16.0,0.0,0.0,0.0
ZF,EQ,PPO,3,DK1,1000000,test,-0.7865007812607316,-0.7865007812607316,0.9852464889653195,0.0,0.0,825.3,16.0,16.0,16.0,16.0,16.0,0.25,1.0,1.0,1.0
ZF,EQ,PPO,3,DK2,1000000,test,-2.6526166250074006,-23.9159355937582,1.0885998853539696,0.15,0.0,826.8,16.0,16.0,16.0,16.0,16.0,16.0,1.0,1.0,1.0
ZF,EQ,PPO,4,DK1,1000000,test,27.944079171864963,-19.280623750009177,2.599562912009172,0.35,0.0,815.1,16.0,16.0,16.0,16.0,16.0,16.0,16.0,1.0,1.0
ZF,EQ,PPO,4,DK2,1000000,test,368.4240937656274,246.72483309375212,16.0,0.6,0.0,809.0,16.0,16.0,16.0,16.0,16.0,16.0,16.0,16.0,16.0
ZF,FULL,PPO,0,DK1,1000000,test,90.3913808749994,-12.216743171875754,9.084494721505683,0.55,0.0,1062.4,12.36062285059228,12.274837600305693,12.215036301108139,12.043847917462744,11.653515475735576,10.920901795949561,9.678926251432939,8.102884982804738,7.054547191440581
ZF,FULL,PPO,0,DK2,1000000,test,129.37057824999508,-71.86834045312851,6.1686843173784265,0.75,0.0,1049.4,9.722583110431792,9.663068398930072,9.608616736721437,9.482900267481849,9.132307986243791,8.472678639663737,7.194306457776079,4.917653802063431,3.28840275124188
ZF,FULL,PPO,1,DK1,1000000,test,80.59508585937307,-107.57517350000073,6.513894262921563,0.75,0.0,1019.0,11.36520825372564,11.260030569354223,11.144058081773023,10.914405808177301,10.246847535345816,8.973824990447076,6.661539931218953,2.966660298051204,1.4827092090179594
ZF,FULL,PPO,1,DK2,1000000,test,177.73311898436856,7.544902765620293,9.184531742619663,0.8,0.0,1036.8,13.146732900267482,13.116068016813145,13.054260603744746,13.010317157050057,12.71484524264425,12.151604891096676,11.005254107756974,8.570118456247611,6.505636224684753
ZF,FULL,PPO,2,DK1,1000000,test,120.77301087500018,-70.93995492187487,11.072616915066398,0.7,0.0,982.3,12.339415361100496,12.303114252961405,12.219430645777608,12.125907527703477,11.913546045089797,11.667367214367596,11.15227359572029,10.634696217042414,10.479174627435995
ZF,FULL,PPO,2,DK2,1000000,test,228.4595598906185,102.19911417186877,7.520636285468616,0.75,0.0,829.5,10.903897592663355,10.880779518532671,10.835976308750478,10.760699273977837,10.475448987390141,9.908960641956439,9.024646541841804,7.619889186090944,6.264042797095911
ZF,FULL,PPO,3,DK1,1000000,test,83.20636284375126,-112.89464635937259,9.702028398777108,0.7,0.0,865.0,14.066679403897593,14.025410775697363,13.976404279709591,13.876385173863202,13.432174245319068,12.6359380970577,10.681410011463507,6.433702713030187,4.520443255636224
ZF,FULL,PPO,3,DK2,1000000,test,185.1764879218725,-25.5760729531275,9.817156300754753,0.75,0.0,865.4,12.208635842567826,12.207489491784486,12.183034008406572,12.15666794038976,12.105750859763088,11.946599159342759,11.715991593427589,10.557890714558654,8.453763851738632
ZF,FULL,PPO,4,DK1,1000000,test,103.7065926562494,-44.759489203125625,7.835346804241904,0.75,0.0,616.3,11.933989300726022,11.847630875047765,11.741784486052731,11.597630875047765,11.163641574321742,10.396159724875812,8.791937332823844,5.645968666411922,4.1539931218953
ZF,FULL,PPO,4,DK2,1000000,test,154.12562139061998,-22.48484292187949,8.049485287092768,0.8,0.0,614.7,11.546809323653038,11.512418800152847,11.426729079098203,11.32355750859763,11.019870080244555,10.554069545280855,9.51538020634314,7.638230798624379,6.161730989682843
