method,region,seed,protocol,final_return_pct,max_drawdown_pct,min_equity_pct,worst_single_contract_pct_of_sleeve,ruined
anchor,DK1,7,real_cap,0.5252457950705613,0.08175065218705146,0.0,-0.044976307023213966,False
anchor,DK1,7,no_cap,115.34737128540033,7.555235884602385,-0.000718465184446071,-8.745745417187239,False
MARL,DK1,10001,real_cap,0.17830824582967253,0.09617039438090114,-0.005382205659720807,-0.05391028750884578,False
MARL,DK1,10001,no_cap,134.73166710428805,56.99557425943178,-44.43741738671565,-29.134205817323135,False
MARL,DK1,11202,real_cap,-0.37194298047947827,0.43825268024482167,-0.38122439060068736,-0.05391028582625508,False
MARL,DK1,11202,no_cap,-330.0160957675596,294.59626404312456,-335.32878119667856,-16.792769365572497,True
MARL,DK1,123,real_cap,-0.3787905790940904,0.45631047870435815,-0.3940090138197627,-0.05391028666755041,False
MARL,DK1,123,no_cap,-257.18853809929385,256.7703969652487,-272.8897077172003,-32.12362889980396,True
MARL,DK1,2025,real_cap,0.32505804274169936,0.11871953799240664,-0.028304993248406962,-0.03254303909714086,False
MARL,DK1,2025,no_cap,285.6362366612011,20.889005583156784,-0.4762431758761454,-17.671894024674625,False
MARL,DK1,3007,real_cap,0.42792051841580303,0.12002625230426167,-0.015320800601881235,-0.03254303909714086,False
MARL,DK1,3007,no_cap,611.7624604414347,24.16125593146895,-1.292252725211973,-14.6058425593304,False
MARL,DK1,42,real_cap,0.16102889069524728,0.13574924253848542,-0.024262938539609813,-0.04287875801206778,False
MARL,DK1,42,no_cap,42.344852877266106,93.10097996774871,-90.51570792978637,-41.5297218092253,False
MARL,DK1,5001,real_cap,0.02405337075803704,0.10609355546148391,-0.10147002689436802,-0.03565897674384758,False
MARL,DK1,5001,no_cap,-11.544247235137938,91.25143293728668,-89.90882136768582,-29.267165717271293,False
MARL,DK1,7,real_cap,-0.22540244492031958,0.3640017605240131,-0.25738510127246705,-0.05391028582625508,False
MARL,DK1,7,no_cap,6.795181370594272,96.46649768407462,-95.36309455744913,-41.08930213583977,True
MARL,DK1,8102,real_cap,-0.3130845905240487,0.4334972790369873,-0.3447680331287173,-0.05391028666755041,False
MARL,DK1,8102,no_cap,-147.51745939883648,189.73716441142085,-224.39810977751992,-39.99880373820685,True
MARL,DK1,9005,real_cap,-0.3506921146355535,0.46548770611641865,-0.37871389402632794,-0.05391028750884578,False
MARL,DK1,9005,no_cap,-46.35868854264578,119.08627290920468,-122.98429866857904,-42.06177726272634,True
anchor,v2,7,real_cap,0.5011744178028188,0.014006784767806035,0.0,-0.006193767860661958,False
anchor,v2,7,no_cap,210.34654628180664,7.143381565956409,-0.003871308562319875,-12.428192526153317,False
MARL,v2,10001,real_cap,0.05361186305512522,0.13072370666310507,-0.06711350704053931,-0.05378026001867127,False
MARL,v2,10001,no_cap,165.82467948747683,45.26300813916936,-18.767046413812384,-27.802922935061513,False
MARL,v2,11202,real_cap,-0.3098331839828661,0.3123518777130574,-0.310453767832064,-0.06931996816317426,False
MARL,v2,11202,no_cap,-115.94550482751589,115.78255205546633,-115.94550482751589,-19.099785221160502,True
MARL,v2,123,real_cap,-0.27953307469972266,0.28337796476386456,-0.27964313631566595,-0.069319969382124,False
MARL,v2,123,no_cap,-25.643171710363088,91.25617854013726,-90.76149039222572,-43.92939766338903,False
MARL,v2,2025,real_cap,0.13333872879719433,0.1085478101698234,-0.0014563850928683841,-0.06931997060107377,False
MARL,v2,2025,no_cap,137.99476526263342,22.16594202621002,-3.488915514451296,-18.736873844221172,False
MARL,v2,3007,real_cap,0.14864413898842965,0.10689040438274233,-0.0008969856343798988,-0.06931997060107375,False
MARL,v2,3007,no_cap,222.1763411395977,25.97196519284225,-1.5622111657733306,-14.649322533583232,False
MARL,v2,42,real_cap,-0.1434822068949515,0.23185472304945165,-0.19711854115324057,-0.06931997060107377,False
MARL,v2,42,no_cap,163.66518017490583,83.39540275249331,-75.90446883785255,-50.509089214951224,False
MARL,v2,5001,real_cap,0.14452231152290995,0.06665387261839406,-0.05787388957655404,-0.013979132876801189,False
MARL,v2,5001,no_cap,-152.1739452802649,148.85636822223051,-179.78136332023612,-33.08558024845281,True
MARL,v2,7,real_cap,-0.21137952425428486,0.26306447401351907,-0.2489010937652636,-0.06931996816317426,False
MARL,v2,7,no_cap,113.9172834690252,75.94804296631256,-59.37104429801856,-39.40636034528639,False
MARL,v2,8102,real_cap,-0.20110790449914262,0.2602437980042449,-0.2523239615867201,-0.069319969382124,False
MARL,v2,8102,no_cap,203.03774256101198,72.96050505844262,-52.102082821431964,-38.57372958180193,False
MARL,v2,9005,real_cap,0.007191866749889364,0.12667651726219198,-0.033438715513223194,-0.06931997060107377,False
MARL,v2,9005,no_cap,109.80135521931716,52.977246125021104,-22.414344421384193,-40.4579503155462,False
