method,region,seed,decisions,booked_pnl,replay_pnl,replay_err_pct,net_return_pct,no_liquidity_cap_gross_return_pct,inflation_x_no_cap,sharpe_daily_annualised,sharpe_10min_annualised,sharpe_daily_with_battery,battery_share_of_gain
anchor,2025,7,4188,3475375.963630246,3477489.3858506447,0.06081132638642845,0.5032775682770173,115.34737128540006,219.60646304632868,3.858281352029003,4.685677142098656,3.8590638802980086,0.00019511700891264406
MARL,2025,10001,6551,1181563.8070096679,1180523.516321019,-0.08804354724452963,0.15536297844532915,134.73166710428816,755.6109728822701,1.5243670623349084,1.4842314982386344,0.5940707967505896,-1.5640841091024626
MARL,2025,11202,6551,-2463559.3225360573,-2462519.0318474085,0.04222714180789101,-0.3952347635568956,-330.0160957675596,,-2.417334740394131,-3.093232474618112,-2.417986512352611,0.00026385334184220123
MARL,2025,123,6551,-2506814.5271244617,-2507854.8178131105,-0.04149851045590219,-0.40176810830103915,-257.1885380992953,,-2.4458551924851784,-3.1501905376311186,-2.981880981844391,0.17843065173194098
MARL,2025,2025,6551,2153148.6345306444,2152108.343841995,-0.048314857226568295,0.3020914909476363,285.63623666120145,878.7237942245697,2.2018241921358883,2.7032596799299364,1.7767059306485957,-0.23379952606091434
MARL,2025,3007,6551,2834169.138743744,2833128.8480550954,-0.03670531424634496,0.4049473094561987,611.7624604414341,1429.6170295975228,2.5117634488980265,3.560565186943468,2.150635545180502,-0.16583708121618151
MARL,2025,42,6551,1067162.5633199085,1066122.2726312592,-0.09748193240709031,0.1380513594247461,42.34485287726606,262.96432083983154,1.2792228431766033,1.3390840575471479,0.4300668774164427,-1.9764674978723782
MARL,2025,5001,6551,158265.10000460368,159249.90221721987,0.6222485011462094,0.000785810232065411,-11.544247235138041,-479.9430130299948,0.22458661723305362,0.2040777718530452,0.22458661723305362,0.0
MARL,2025,7,6551,-1493359.9191588664,-1492319.6284702183,0.06966108272371903,-0.24868104167887567,6.79518137059403,,-1.4593884881876975,-1.8744900068677566,-1.458719275780331,-0.0004543750397326148
MARL,2025,8102,6551,-2073876.158482871,-2072835.8677942222,0.05016165909394691,-0.33637635501393953,-147.51745939883736,,-1.7809104929929924,-2.6036726032362525,-2.188854613574076,0.18484213098172753
MARL,2025,9005,6551,-2322863.8630605554,-2321823.5723719075,0.04478483242996531,-0.37397462433071504,-46.358688542645794,,-2.030709412280283,-2.9168100286157865,-2.6643917350777677,0.23701175260848426
anchor,2025_v2,7,4331,3317688.043477914,3318120.2681214493,0.013027886825741087,0.48185069341836106,210.34654628180652,419.70726918581045,2.7174577138280354,5.351644131170591,2.7180707853373565,0.0002212201372864825
MARL,2025_v2,10001,6551,354122.04862385406,354947.49300788867,0.2330960151287806,0.033689328985493615,165.82467948747654,3093.059446879171,0.56804530484454,0.6561843414850437,-0.5854000615294401,1.9646972589007428
MARL,2025_v2,11202,6551,-2050580.6628030257,-2051309.346588847,-0.0355354850964625,-0.3295303366967719,-115.94550482751585,,-1.6855058735743034,-3.277307066262661,-1.6860571308932462,0.00032194562216755995
MARL,2025_v2,123,6551,-1851430.378672539,-1850701.6948867182,0.039357882111846196,-0.2994503538973743,-25.643171710363124,,-1.5190589433414732,-2.9567468790419587,-1.923116121643191,0.21008105976313418
MARL,2025_v2,2025,6551,882065.6234881864,882794.3072740075,0.08261106276191225,0.11342145110528758,137.99476526263334,1034.9188604648407,3.134813758245416,1.410293062204873,1.7569000480864931,-0.7709117384616874
MARL,2025_v2,3007,6551,983397.9903795995,984126.6741654207,0.0740985636486726,0.12873167863399776,222.17634113959667,1494.6861857559065,3.4554322514172786,1.5745342429425986,2.1364903695285564,-0.6128798820878512
MARL,2025_v2,42,6551,-950679.8088984094,-949951.125112588,0.07664870748287651,-0.16339949006269378,163.6651801749057,,-0.776953114521318,-1.5175827879318837,-1.35752249274071,0.42748208026627615
MARL,2025_v2,5001,6551,957378.9919376109,956837.3684399825,-0.05657357245036245,0.12479710283206773,-152.17394528026472,-1052.944307883954,0.7765119937322352,1.5285859342106944,0.7765119937322352,0.0
MARL,2025_v2,7,6551,-1398749.5393224356,-1399478.2231082567,-0.052095372712262555,-0.23107630072906654,113.91728346902545,,-1.150260342325425,-2.2357770921168236,-1.1496508360560989,-0.0005251027870305678
MARL,2025_v2,8102,6551,-1330744.3095674717,-1331472.9933532933,-0.05475761050283102,-0.2208050543284064,203.03774256101192,,-1.092916194710186,-2.1271233764236537,-1.4593621507879915,0.25096662411342435
MARL,2025_v2,9005,6551,48343.79968455008,47615.115898728836,-1.5072952282940257,-0.012505286980599587,109.80135521931723,15267.434594938199,0.17163407999577335,0.0760652850334377,-2.4412444343836985,1.0717732042981698
