env,regime,algo,seed,region,steps,seconds,eval_split,reported,reality,rep_profit_eur,real_profit_eur,rep_reported_return_pct,rep_ledger_return_pct,rep_ruined,rep_floor_bound,rep_max_gap_pp,real_reported_return_pct,real_ledger_return_pct,real_ruined,real_floor_bound,real_max_gap_pp,rep_revenue_eur,rep_shading_value_eur,real_revenue_eur,real_shading_value_eur
E1-large,S0,DQN,0,DK1,3000,58.9,train(SMOKE),-3127.813749999983,-3127.813749999983,-3127.813749999983,-3127.813749999983,,,,,,,,,,,,,,
E1-large,S0,PPO,0,DK1,3000,94.5,train(SMOKE),2229958.8854722236,2229958.8854722236,2229958.8854722236,2229958.8854722236,,,,,,,,,,,,,,
E1-large,S1,DQN,0,DK1,3000,71.6,train(SMOKE),-18420.099999999977,-11820.58549999997,-18420.099999999977,-11820.58549999997,,,,,,,,,,,,,,
E1-large,S1,PPO,0,DK1,3000,103.0,train(SMOKE),2419983.7284722244,2463539.6562638874,2419983.7284722244,2463539.6562638874,,,,,,,,,,,,,,
E1-large,S4,DQN,0,DK1,3000,70.2,train(SMOKE),518895.98431250046,137348.69462500003,518895.98431250046,137348.69462500003,,,,,,,,,,,,,,
E1-large,S4,PPO,0,DK1,3000,107.4,train(SMOKE),3319211.4541944494,2143582.4587916676,3319211.4541944494,2143582.4587916676,,,,,,,,,,,,,,
E1-small,S0,DQN,0,DK1,3000,76.1,train(SMOKE),40.761812500000794,40.761812500000794,40.761812500000794,40.761812500000794,,,,,,,,,,,,,,
E1-small,S0,PPO,0,DK1,3000,106.2,train(SMOKE),55182.56822222236,55182.56822222236,55182.56822222236,55182.56822222236,,,,,,,,,,,,,,
E1-small,S1,DQN,0,DK1,3000,76.5,train(SMOKE),-368.4019999999993,-297.34262499999926,-368.4019999999993,-297.34262499999926,,,,,,,,,,,,,,
E1-small,S1,PPO,0,DK1,3000,106.7,train(SMOKE),48399.674569444505,49228.33213888891,48399.674569444505,49228.33213888891,,,,,,,,,,,,,,
E1-small,S4,DQN,0,DK1,3000,76.2,train(SMOKE),12972.45475000001,875.4692499999992,12972.45475000001,875.4692499999992,,,,,,,,,,,,,,
E1-small,S4,PPO,0,DK1,3000,108.1,train(SMOKE),95809.32415972257,58905.055687500244,95809.32415972257,58905.055687500244,,,,,,,,,,,,,,
E2,S0,DQN,0,DK1,3000,64.8,train(SMOKE),634.8208478053747,634.8208478053747,,,634.8208478053747,634.8208478053747,False,False,0.0,634.8208478053747,634.8208478053747,False,False,0.0,,,,
E2,S0,PPO,0,DK1,3000,106.9,train(SMOKE),830.8480494655025,830.8480494655025,,,830.8480494655025,830.8480494655025,False,False,0.0,830.8480494655025,830.8480494655025,False,False,0.0,,,,
E2,S1,DQN,0,DK1,3000,60.2,train(SMOKE),1367.3713783139533,615.3544692548058,,,1367.3713783139533,1367.3713783139533,False,False,0.0,615.3544692548058,615.3544692548058,False,False,0.0,,,,
E2,S1,PPO,0,DK1,3000,99.9,train(SMOKE),6728373.453692932,1292.7674073193702,,,6728373.453692932,6728373.453692932,False,False,0.0,1292.7674073193702,1292.7674073193702,False,False,0.0,,,,
E2,S2,DQN,0,DK1,3000,62.5,train(SMOKE),418.57406631249603,681.3747448627881,,,418.57406631249603,418.57406631249603,False,False,0.0,681.3747448627881,681.3747448627881,False,False,0.0,,,,
E2,S2,PPO,0,DK1,3000,97.1,train(SMOKE),550.1816587500008,847.8095591111206,,,550.1816587500008,550.1816587500008,False,False,0.0,847.8095591111206,847.8095591111206,False,False,0.0,,,,
E2,S3,DQN,0,DK1,3000,61.5,train(SMOKE),293.1538400000028,553.9975493992305,,,293.1538400000028,293.1538400000028,False,False,0.0,553.9975493992305,553.9975493992305,False,False,0.0,,,,
E2,S3,PPO,0,DK1,3000,94.2,train(SMOKE),1124.3262700000048,1238.522191214219,,,1124.3262700000048,1124.3262700000048,False,False,0.0,1238.522191214219,1238.522191214219,False,False,0.0,,,,
E2,S4,DQN,0,DK1,3000,58.5,train(SMOKE),2634.5489837340947,1526.0538273296997,,,2634.5489837340947,2634.5489837340947,False,False,0.0,1526.0538273296997,1526.0538273296997,False,False,0.0,,,,
E2,S4,PPO,0,DK1,3000,95.7,train(SMOKE),2537.112423520795,1389.3552033718122,,,2537.112423520795,2537.112423520795,False,False,0.0,1389.3552033718122,1389.3552033718122,False,False,0.0,,,,
E2,S5,DQN,0,DK1,3000,58.6,train(SMOKE),314182.4723212803,-77.35584474823732,,,314182.4723212803,314182.4723212803,False,False,0.0,-77.35584474823732,-77.35584474823732,False,False,0.0,,,,
E2,S5,PPO,0,DK1,3000,91.9,train(SMOKE),342199.3447430973,748.797735039085,,,342199.3447430973,342199.3447430973,False,False,0.0,748.797735039085,748.797735039085,False,False,0.0,,,,
E3,S0,DQN,0,DK1,3000,53.2,train(SMOKE),14374387.56643796,14374387.56643796,,,,,,,,,,,,,14374387.56643796,-289489.38502085395,14374387.56643796,-289489.38502085395
E3,S0,PPO,0,DK1,3000,85.5,train(SMOKE),14427073.662791504,14427073.662791504,,,,,,,,,,,,,14427073.662791504,-236803.28866731003,14427073.662791504,-236803.28866731003
E3,S4,DQN,0,DK1,3000,51.4,train(SMOKE),17687613.151419096,14535660.266874589,,,,,,,,,,,,,17687613.151419096,3023736.199960282,14535660.266874589,-128216.6845842246
E3,S4,PPO,0,DK1,3000,71.4,train(SMOKE),18206016.504283298,14396793.136428475,,,,,,,,,,,,,18206016.504283298,3542139.552824484,14396793.136428475,-267083.81503033824
