env,regime,region,policy,param,reported,reality,rep_profit_eur,real_profit_eur,rep_reported_return_pct,rep_ledger_return_pct,rep_ruined,rep_floor_bound,rep_max_gap_pp,real_reported_return_pct,real_ledger_return_pct,real_ruined,real_floor_bound,real_max_gap_pp,rep_revenue_eur,rep_shading_value_eur,real_revenue_eur,real_shading_value_eur
E1-small,S0,DK1,threshold_tuned,threshold_q0.4_q0.6,91768.86783333302,91768.86783333302,91768.86783333302,91768.86783333302,,,,,,,,,,,,,,
E1-small,S0,DK1,idle,idle,0.0,0.0,0.0,0.0,,,,,,,,,,,,,,
E1-small,S1,DK1,threshold_tuned,threshold_q0.4_q0.6,91216.36874999969,91768.86783333302,91216.36874999969,91768.86783333302,,,,,,,,,,,,,,
E1-small,S1,DK1,idle,idle,0.0,0.0,0.0,0.0,,,,,,,,,,,,,,
E1-small,S4,DK1,threshold_tuned,threshold_q0.4_q0.6,91768.86783333302,91768.86783333302,91768.86783333302,91768.86783333302,,,,,,,,,,,,,,
E1-small,S4,DK1,idle,idle,0.0,0.0,0.0,0.0,,,,,,,,,,,,,,
E1-large,S0,DK1,threshold_tuned,threshold_q0.4_q0.6,3962099.4769791653,3962099.4769791653,3962099.4769791653,3962099.4769791653,,,,,,,,,,,,,,
E1-large,S0,DK1,idle,idle,0.0,0.0,0.0,0.0,,,,,,,,,,,,,,
E1-large,S1,DK1,threshold_tuned,threshold_q0.4_q0.6,4560818.437499998,3962099.4769791653,4560818.437499998,3962099.4769791653,,,,,,,,,,,,,,
E1-large,S1,DK1,idle,idle,0.0,0.0,0.0,0.0,,,,,,,,,,,,,,
E1-large,S4,DK1,threshold_tuned,threshold_q0.4_q0.6,3962099.4769791653,3962099.4769791653,3962099.4769791653,3962099.4769791653,,,,,,,,,,,,,,
E1-large,S4,DK1,idle,idle,0.0,0.0,0.0,0.0,,,,,,,,,,,,,,
E2,S0,DK1,persistence,persistence,1613.8625153321857,1613.8625153321857,,,1613.8625153321857,1613.8625153321857,False,False,0.0,1613.8625153321857,1613.8625153321857,False,False,0.0,,,,
E2,S0,DK1,flat,flat,0.0,0.0,,,0.0,0.0,False,False,0.0,0.0,0.0,False,False,0.0,,,,
E2,S1,DK1,persistence,persistence,2293917.846022153,1613.8625153321857,,,2293917.846022153,2293917.846022153,False,False,0.0,1613.8625153321857,1613.8625153321857,False,False,0.0,,,,
E2,S1,DK1,flat,flat,0.0,0.0,,,0.0,0.0,False,False,0.0,0.0,0.0,False,False,0.0,,,,
E2,S2,DK1,persistence,persistence,884.3696395625024,1613.8625153321857,,,884.3696395625024,884.3696395625024,False,False,0.0,1613.8625153321857,1613.8625153321857,False,False,0.0,,,,
E2,S2,DK1,flat,flat,0.0,0.0,,,0.0,0.0,False,False,0.0,0.0,0.0,False,False,0.0,,,,
E2,S3,DK1,persistence,persistence,1010.1979899999985,1613.8625153321857,,,1010.1979899999985,1010.1979899999985,False,False,0.0,1613.8625153321857,1613.8625153321857,False,False,0.0,,,,
E2,S3,DK1,flat,flat,0.0,0.0,,,0.0,0.0,False,False,0.0,0.0,0.0,False,False,0.0,,,,
E2,S4,DK1,persistence,persistence,1613.8625153321857,1613.8625153321857,,,1613.8625153321857,1613.8625153321857,False,False,0.0,1613.8625153321857,1613.8625153321857,False,False,0.0,,,,
E2,S4,DK1,flat,flat,0.0,0.0,,,0.0,0.0,False,False,0.0,0.0,0.0,False,False,0.0,,,,
E2,S5,DK1,persistence,persistence,374812.44035958714,1613.8625153321857,,,374812.44035958714,374812.44035958714,False,False,0.0,1613.8625153321857,1613.8625153321857,False,False,0.0,,,,
E2,S5,DK1,flat,flat,0.0,0.0,,,0.0,0.0,False,False,0.0,0.0,0.0,False,False,0.0,,,,
E3,S0,DK1,shade_tuned,shade_0,15038799.303803122,15038799.303803122,,,,,,,,,,,,,15038799.303803122,374922.35234430805,15038799.303803122,374922.35234430805
E3,S0,DK1,bid_forecast,bid_forecast,14663876.951458814,14663876.951458814,,,,,,,,,,,,,14663876.951458814,0.0,14663876.951458814,0.0
E3,S4,DK1,shade_tuned,shade_0,15038799.303803122,15038799.303803122,,,,,,,,,,,,,15038799.303803122,374922.35234430805,15038799.303803122,374922.35234430805
E3,S4,DK1,bid_forecast,bid_forecast,14663876.951458814,14663876.951458814,,,,,,,,,,,,,14663876.951458814,0.0,14663876.951458814,0.0
E1-small,S0,DK2,threshold_tuned,threshold_q0.4_q0.6,100897.90381944475,100897.90381944475,100897.90381944475,100897.90381944475,,,,,,,,,,,,,,
E1-small,S0,DK2,idle,idle,0.0,0.0,0.0,0.0,,,,,,,,,,,,,,
E1-small,S1,DK2,threshold_tuned,threshold_q0.4_q0.6,99583.8955833337,100897.90381944475,99583.8955833337,100897.90381944475,,,,,,,,,,,,,,
E1-small,S1,DK2,idle,idle,0.0,0.0,0.0,0.0,,,,,,,,,,,,,,
E1-small,S4,DK2,threshold_tuned,threshold_q0.4_q0.6,100897.90381944475,100897.90381944475,100897.90381944475,100897.90381944475,,,,,,,,,,,,,,
E1-small,S4,DK2,idle,idle,0.0,0.0,0.0,0.0,,,,,,,,,,,,,,
E1-large,S0,DK2,threshold_tuned,threshold_q0.4_q0.6,3561876.2733541722,3561876.2733541722,3561876.2733541722,3561876.2733541722,,,,,,,,,,,,,,
E1-large,S0,DK2,idle,idle,0.0,0.0,0.0,0.0,,,,,,,,,,,,,,
E1-large,S1,DK2,threshold_tuned,threshold_q0.4_q0.6,4979194.779166674,3561876.2733541722,4979194.779166674,3561876.2733541722,,,,,,,,,,,,,,
E1-large,S1,DK2,idle,idle,0.0,0.0,0.0,0.0,,,,,,,,,,,,,,
E1-large,S4,DK2,threshold_tuned,threshold_q0.4_q0.6,3561876.2733541722,3561876.2733541722,3561876.2733541722,3561876.2733541722,,,,,,,,,,,,,,
E1-large,S4,DK2,idle,idle,0.0,0.0,0.0,0.0,,,,,,,,,,,,,,
E2,S0,DK2,persistence,persistence,1259.7827297216338,1259.7827297216338,,,1259.7827297216338,1259.7827297216338,False,False,0.0,1259.7827297216338,1259.7827297216338,False,False,0.0,,,,
E2,S0,DK2,flat,flat,0.0,0.0,,,0.0,0.0,False,False,0.0,0.0,0.0,False,False,0.0,,,,
E2,S1,DK2,persistence,persistence,20956592.483261764,1259.7827297216338,,,20956592.483261764,20956592.483261764,False,False,0.0,1259.7827297216338,1259.7827297216338,False,False,0.0,,,,
E2,S1,DK2,flat,flat,0.0,0.0,,,0.0,0.0,False,False,0.0,0.0,0.0,False,False,0.0,,,,
E2,S2,DK2,persistence,persistence,910.1555673125041,1259.7827297216338,,,910.1555673125041,910.1555673125041,False,False,0.0,1259.7827297216338,1259.7827297216338,False,False,0.0,,,,
E2,S2,DK2,flat,flat,0.0,0.0,,,0.0,0.0,False,False,0.0,0.0,0.0,False,False,0.0,,,,
E2,S3,DK2,persistence,persistence,1230.9884400000021,1259.7827297216338,,,1230.9884400000021,1230.9884400000021,False,False,0.0,1259.7827297216338,1259.7827297216338,False,False,0.0,,,,
E2,S3,DK2,flat,flat,0.0,0.0,,,0.0,0.0,False,False,0.0,0.0,0.0,False,False,0.0,,,,
E2,S4,DK2,persistence,persistence,1259.7827297216338,1259.7827297216338,,,1259.7827297216338,1259.7827297216338,False,False,0.0,1259.7827297216338,1259.7827297216338,False,False,0.0,,,,
E2,S4,DK2,flat,flat,0.0,0.0,,,0.0,0.0,False,False,0.0,0.0,0.0,False,False,0.0,,,,
E2,S5,DK2,persistence,persistence,213348.34145083604,1259.7827297216338,,,213348.34145083604,213348.34145083604,False,False,0.0,1259.7827297216338,1259.7827297216338,False,False,0.0,,,,
E2,S5,DK2,flat,flat,0.0,0.0,,,0.0,0.0,False,False,0.0,0.0,0.0,False,False,0.0,,,,
E3,S0,DK2,shade_tuned,shade_0,13603593.00713932,13603593.00713932,,,,,,,,,,,,,13603593.00713932,127462.51416527666,13603593.00713932,127462.51416527666
E3,S0,DK2,bid_forecast,bid_forecast,13476130.492974043,13476130.492974043,,,,,,,,,,,,,13476130.492974043,0.0,13476130.492974043,0.0
E3,S4,DK2,shade_tuned,shade_0,13603593.00713932,13603593.00713932,,,,,,,,,,,,,13603593.00713932,127462.51416527666,13603593.00713932,127462.51416527666
E3,S4,DK2,bid_forecast,bid_forecast,13476130.492974043,13476130.492974043,,,,,,,,,,,,,13476130.492974043,0.0,13476130.492974043,0.0
