env,region,regime,n_rl,adv_reported,adv_real,false_positive,p_fp_boot,rl_reported_median,rl_reality_median
E1-small,DK1,S0,10,0.4342013893887615,0.4342013893887615,False,0.0,41512.481374305644,41512.481374305644
E1-small,DK2,S0,10,0.46722806332026173,0.46722806332026173,False,0.0,48708.75083854163,48708.75083854163
E1-small,DK1,S1,10,0.35747830612997833,0.3714687320857253,False,0.0,42256.12702777771,42815.919281944356
E1-small,DK2,S1,10,0.5311403167167751,0.5896626345845578,False,0.0,50373.67506944455,54248.77487395845
E1-small,DK1,S4,10,2.2103484673923854,0.6159255297460428,False,0.0,112133.79160555507,59155.84937638887
E1-small,DK2,S4,10,2.7027347467437886,0.6535127377422266,False,0.0,132353.16253680584,62991.850538194594
E1-large,DK1,S0,10,0.3781974683407871,0.3781974683407871,False,0.0,2177534.253992708,2177534.253992708
E1-large,DK2,S0,10,0.34787530328098765,0.34787530328098765,False,0.0,2028834.3989788177,2028834.3989788177
E1-large,DK1,S1,10,0.3574783061299821,0.3680287165600711,False,0.0,2112806.3513888903,2169508.051436808
E1-large,DK2,S1,10,0.5311403167167759,0.46427941654798643,False,0.0,2518683.753472224,2252938.4463583305
E1-large,DK1,S4,10,1.4955275131220618,0.5264691874612144,False,0.0,4477486.560660403,2793496.728545145
E1-large,DK2,S4,10,1.2101755180149565,0.4299516168580054,False,0.0,3463152.1039204886,2227430.790318055
E2,DK1,S0,10,-0.040029776263740366,-0.040029776263740366,False,0.0,655.7950635233437,655.7950635233437
E2,DK2,S0,10,-0.004602774338841651,-0.004602774338841651,False,0.0,558.6152544450365,558.6152544450365
E2,DK1,S1,10,81.75716875479579,-0.038286096154155715,True,0.9475,506079.62331294117,579.7559354790844
E2,DK2,S1,10,286.8462149761673,0.005312923161901895,False,0.2328,3791006.825773163,549.0246401541624
E2,DK1,S2,10,0.23770725983749513,-0.06081541661049717,True,1.0,528.5901975281247,651.237677046078
E2,DK2,S2,10,0.1604008963795672,-0.018397110938197753,True,0.9137,428.76406484374536,555.2957243113851
E2,DK1,S3,10,0.8201647838381921,-0.00358028334746341,True,0.5665,963.9534849999984,703.5103460059195
E2,DK2,S3,10,0.945752612394472,0.019613144224291303,False,0.0,1044.7821050000002,599.6213981615897
E2,DK1,S4,10,0.6348937281946809,-0.04846862297623121,True,0.9482,1186.9186186001562,670.7354335058645
E2,DK2,S4,10,0.49539718531622856,-0.041355600502342986,True,0.9951,921.7655126855468,582.029782420932
E2,DK1,S5,10,0.01106075193633134,0.011077505452443601,False,0.171,165894.3881648796,463.253685337789
E2,DK2,S5,10,0.03762557719714188,0.0020925093437158915,False,0.4451,94589.10859358957,547.188968207432
E3,DK1,S0,10,0.001265949796925643,0.001265949796925643,False,0.0,17244954.119288236,17244954.119288236
E3,DK2,S0,10,-0.027623980596642585,-0.027623980596642585,False,0.0,15375418.556005599,15375418.556005599
E3,DK1,S4,10,0.13376054700490417,0.0066472992886940415,False,0.0,19525377.722713456,17341112.32447375
E3,DK2,S4,10,0.17717417748409403,0.0012300168628300843,False,0.0793,18692145.95789486,15868152.173073854
