rule,obsset,algo,seed,region,steps,eval_split,drawmean_reported_return_pct,drawmean_ledger_return_pct,drawmean_mean_abs_lev_open,drawshare_floor_bound,drawshare_closed,seconds,L0,L0.02,L0.05,L0.1,L0.25,L0.5,L1,L2,L3,inflation
FL,EQ,PPO,0,DK1,1000000,test,-14.032775645965037,-14.032775645965037,0.25,0.0,0.0,1006.6,0.25,0.25,0.25,0.25,0.25,0.25,0.25,0.25,0.25,0.0
FL,EQ,PPO,0,DK2,1000000,test,-20.25945734972942,-20.25945734972942,0.25,0.0,0.0,996.9,0.25,0.25,0.25,0.25,0.25,0.25,0.25,0.25,0.25,0.0
FL,EQ,PPO,1,DK1,1000000,test,-14.351144395965445,-14.351144395965445,0.25,0.0,0.0,808.2,0.25,0.25,0.25,0.25,0.25,0.25,0.25,0.25,0.25,0.0
FL,EQ,PPO,1,DK2,1000000,test,-11.24466734972957,-11.24466734972957,0.25,0.0,0.0,808.3,0.0,0.0,0.0,0.0,0.0,0.25,0.25,0.25,0.25,0.0
FL,EQ,PPO,2,DK1,1000000,test,-14.034036895965013,-14.034036895965013,0.25,0.0,0.0,781.5,0.25,0.25,0.25,0.25,0.25,0.25,0.25,0.25,0.25,0.0
FL,EQ,PPO,2,DK2,1000000,test,0.0,0.0,0.0,0.0,0.0,776.4,0.0,0.0,0.0,0.0,0.0,0.0,0.0,0.0,0.0,0.0
FL,EQ,PPO,3,DK1,1000000,test,0.0,0.0,0.0,0.0,0.0,800.7,0.0,0.0,0.0,0.0,0.0,0.0,0.0,0.0,0.25,0.0
FL,EQ,PPO,3,DK2,1000000,test,0.0,0.0,0.0,0.0,0.0,798.9,0.0,0.0,0.0,0.0,0.0,0.0,0.0,0.0,0.0,0.0
FL,EQ,PPO,4,DK1,1000000,test,0.0,0.0,0.0,0.0,0.0,777.8,0.0,0.0,0.0,0.0,0.0,0.0,0.0,0.0,0.0,0.0
FL,EQ,PPO,4,DK2,1000000,test,-20.25945734972942,-20.25945734972942,0.25,0.0,0.0,774.8,0.25,0.25,0.25,0.25,0.25,0.25,0.25,0.25,0.25,0.0
FL,FULL,PPO,0,DK1,1000000,test,-13.879860092209901,-13.879860092209901,0.08045583739371358,0.0,0.0,997.5,0.10470003821169278,0.10470003821169278,0.10183416125334352,0.10183416125334352,0.10173863202139855,0.09753534581581964,0.09209017959495605,0.09094382881161635,0.0934275888421857,0.0
FL,FULL,PPO,0,DK2,1000000,test,-46.609234657348296,-46.609234657348296,0.25586477912040345,0.0,0.4,1001.6,0.33205961024073366,0.3249904470768055,0.32374856706152083,0.3214558654948414,0.3061711883836454,0.2850592281238059,0.2649980894153611,0.23567061520825372,0.21446312571646925,0.0
FL,FULL,PPO,1,DK1,1000000,test,-36.44832500544071,-36.44832500544071,0.15306246781243812,0.0,0.05,809.6,0.1668895682078716,0.16679403897592662,0.1665074512800917,0.16593427588842186,0.15743217424531908,0.15447076805502483,0.15389759266335498,0.1480703095147115,0.15427970959113488,0.0
FL,FULL,PPO,1,DK2,1000000,test,-20.74479719498107,-20.74479719498107,0.14793364631686096,0.0,0.25,810.8,0.1834161253343523,0.18265189147879252,0.18045471914405808,0.17739778372181889,0.17491402369124953,0.1645968666411922,0.14730607565915171,0.12476117692013756,0.09667558272831486,0.0
FL,FULL,PPO,2,DK1,1000000,test,-33.858277376313495,-33.858277376313495,0.3131956386739275,0.0,0.0,781.7,0.33215513947267866,0.33158196408100876,0.33129537638517387,0.3310087886893389,0.3281429117309897,0.3276652655712648,0.3196408100878869,0.31190294230034393,0.31018341612533434,0.0
FL,FULL,PPO,2,DK2,1000000,test,-18.126467992962493,-18.126467992962493,0.25789491079182414,0.0,0.4,794.0,0.3319640810087887,0.3296713794421093,0.32183798242262135,0.31725257928926254,0.29719144058081776,0.27283148643484906,0.2430263660680168,0.22134123041650744,0.21685135651509363,0.0
FL,FULL,PPO,3,DK1,1000000,test,-47.34932459527279,-47.34932459527279,0.3017179554798014,0.0,0.2,774.6,0.33492548719908294,0.33492548719908294,0.334638899503248,0.33530760412686283,0.32747420710737485,0.32222009935040125,0.32260221627818114,0.2763660680168131,0.2792319449751624,0.0
FL,FULL,PPO,3,DK2,1000000,test,-16.710191223317263,-16.710191223317263,0.20297818775265847,0.0,0.05,770.1,0.24474589224302637,0.24398165838746658,0.24312189529996178,0.2415934275888422,0.2350019105846389,0.23242262132212457,0.21016431027894536,0.1915361100496752,0.1591517004203286,0.0
FL,FULL,PPO,4,DK1,1000000,test,-24.628610381011875,-24.628610381011875,0.2350177940192987,0.0,0.0,615.0,0.23605273213603362,0.23624379059992356,0.23633931983186854,0.2366259075277035,0.2357661444401987,0.23796331677493313,0.24016048910966756,0.2511463507833397,0.2611769201375621,0.0
FL,FULL,PPO,4,DK2,1000000,test,-1.3004741481254318,-1.3004741481254318,0.2648451889258707,0.0,0.4,608.5,0.37313717997707296,0.3717042414978984,0.3683607183798242,0.36492166602980514,0.34094382881161633,0.3129537638517386,0.2761750095529232,0.2622277416889568,0.25028658769583495,0.0
ZF,EQ,PPO,0,DK1,1000000,test,0.0,0.0,0.0,0.0,0.0,993.1,0.0,0.0,0.0,0.0,0.0,0.0,0.0,0.0,0.0,0.0
ZF,EQ,PPO,0,DK2,1000000,test,0.0,0.0,0.0,0.0,0.0,995.9,0.0,0.0,0.0,0.0,0.0,0.0,0.0,0.0,0.0,0.0
ZF,EQ,PPO,1,DK1,1000000,test,0.0,0.0,0.0,0.0,0.0,811.4,0.0,0.0,0.0,0.0,0.0,0.0,0.0,0.0,0.0,0.0
ZF,EQ,PPO,1,DK2,1000000,test,-20.25945734972942,-20.25945734972942,0.25,0.0,0.0,807.1,0.25,0.25,0.25,0.25,0.25,0.25,0.25,0.25,0.25,0.0
ZF,EQ,PPO,2,DK1,1000000,test,-14.032775645965037,-14.032775645965037,0.25,0.0,0.0,782.6,0.25,0.25,0.25,0.25,0.25,0.25,0.25,0.25,0.25,0.0
ZF,EQ,PPO,2,DK2,1000000,test,-11.24466734972957,-11.24466734972957,0.25,0.0,0.0,781.9,0.0,0.0,0.0,0.0,0.25,0.25,0.25,0.25,0.25,0.0
ZF,EQ,PPO,3,DK1,1000000,test,-14.351144395965445,-14.351144395965445,0.25,0.0,0.0,800.4,0.25,0.25,0.25,0.25,0.25,0.25,0.25,0.25,0.25,0.0
ZF,EQ,PPO,3,DK2,1000000,test,-11.24466734972957,-11.24466734972957,0.25,0.0,0.0,801.6,0.25,0.25,0.25,0.25,0.25,0.25,0.25,0.25,0.25,0.0
ZF,EQ,PPO,4,DK1,1000000,test,0.0,0.0,0.0,0.0,0.0,778.2,0.0,0.0,0.0,0.0,0.0,0.0,0.0,0.0,0.0,0.0
ZF,EQ,PPO,4,DK2,1000000,test,-11.24466734972957,-11.24466734972957,0.25,0.0,0.0,585.0,0.0,0.0,0.0,0.0,0.0,0.0,0.25,0.25,0.25,0.0
ZF,FULL,PPO,0,DK1,1000000,test,-27.81100813413612,-27.81100813413612,0.3056367631604089,0.0,0.0,1003.3,0.38555598012991976,0.3733282384409629,0.3618647306075659,0.3396064195643867,0.3252770347726404,0.31973633931983186,0.303878486816966,0.30750859763087507,0.31104317921283914,0.0
ZF,FULL,PPO,0,DK2,1000000,test,25.38552984942909,1.3737326071610183,0.1779372074137766,0.35,0.0,806.7,0.23079862437905999,0.23051203668322506,0.22831486434849063,0.2215322888803974,0.2142720672525793,0.2014711501719526,0.1677493312953764,0.1408100878868934,0.12791364157432175,24.011797242268074
ZF,FULL,PPO,1,DK1,1000000,test,-61.94043374478788,-77.02651534665512,0.31140011464603035,0.4,0.0,777.1,0.434658005349637,0.42863966373710355,0.4253916698509744,0.41259075277034774,0.37141765380206343,0.3215513947267864,0.28974016048910967,0.26662208635842566,0.24722965227359572,15.086081601867235
ZF,FULL,PPO,1,DK2,1000000,test,-5.9688316036492495,-116.03421631583524,0.41970299512754367,0.6,0.0,782.5,0.480703095147115,0.4758311043179213,0.47057699656094765,0.4715322888803974,0.45777607948032095,0.43637753152464653,0.4091517004203286,0.3899503247993886,0.3972105464272067,110.06538471218599
ZF,FULL,PPO,2,DK1,1000000,test,-57.19451680685025,-74.01015723174038,0.3190951323206267,0.45,0.0,796.1,0.44172716851356514,0.44182269774551014,0.4300726022162782,0.41870462361482613,0.39749713412304166,0.3607183798242262,0.30932365303782955,0.25171952617500953,0.25219717233473443,16.815640424890127
ZF,FULL,PPO,2,DK2,1000000,test,68.02181293326761,30.811720534191817,0.26986720168147504,0.4,0.0,800.5,0.4564386702330913,0.45338173481085214,0.4518532670997325,0.4318876576232327,0.39950324799388615,0.3465800534963699,0.2685326709973252,0.1992739778372182,0.14367596484524264,37.21009239907579
ZF,FULL,PPO,3,DK1,1000000,test,-66.0206100372137,-133.19945069295687,0.5394704786471768,0.75,0.0,778.7,0.8863202139854796,0.8826901031715705,0.8464845242644249,0.7816201757737867,0.7054833779136416,0.5674436377531524,0.430836836071838,0.29661826518914786,0.2534390523500191,67.17884065574317
ZF,FULL,PPO,3,DK2,1000000,test,51.6213368831438,-1.3514016715392843,0.28605020540747106,0.5,0.0,780.3,0.3823079862437906,0.3826901031715705,0.38211692777990064,0.37896446312571647,0.3482995796713794,0.3330149025601834,0.2854413450515858,0.2469430645777608,0.25792892625143293,52.97273855468308
ZF,FULL,PPO,4,DK1,1000000,test,-60.94884999084087,-72.24844602302777,0.4353002292920608,0.5,0.0,586.7,0.46685135651509363,0.4679021780664884,0.46943064577760796,0.461692777990065,0.4666602980512037,0.4542414978983569,0.4716278181123424,0.4564386702330913,0.45175773786778756,11.299596032186898
ZF,FULL,PPO,4,DK2,1000000,test,-8.668042965349287,-32.26637144108112,0.27011500429922614,0.4,0.0,582.9,0.30406954528085595,0.30082155139472677,0.2965227359572029,0.29461215131830343,0.27693924340848297,0.2665265571264807,0.2564959877722583,0.2528658769583493,0.2492357661444402,23.598328475731833
