config,rule,L0,L0.02,L0.05,L0.1,L0.25,L0.5,L1,L2,L3,drawmean_reported_return_pct,drawmean_ledger_return_pct
A2C-n256,FL,4.85,4.85,4.475,4.475,4.575,3.475,4.675,4.675,4.675,-14.85415074999607,-14.85415074999607
A2C-n256,LL,9.85,8.65,8.65,8.65,8.625,7.125,5.55,5.55,5.55,19.97095601250046,18.83566293437526
A2C-n256,ZF,13.0,13.0,13.0,13.0,11.5,11.5,8.5,5.4,5.4,79.29657152812018,9.080803285932173
A2C-n64,FL,2.85,2.85,2.85,1.35,1.05,1.05,1.05,1.05,1.05,-0.5955152343781288,-0.5955152343781288
A2C-n64,LL,7.675,7.675,7.675,7.675,7.375,7.375,5.95,4.675,4.675,-4.562267404685766,-5.119638704685917
A2C-n64,ZF,14.5,14.5,14.5,13.3,13.3,13.3,8.625,5.825,5.925,86.39529280312499,22.344154468749473
DQN-default,FL,3.425,3.425,4.625,7.35,8.925,6.15,4.225,4.425,4.975,-2.4671315921849426,-2.4671315921849426
DQN-default,LL,4.575,6.125,6.125,6.525,6.925,6.825,8.425,6.825,5.25,11.315123434378837,8.243279457816318
DQN-default,ZF,16.0,16.0,16.0,14.5,11.8,10.225,8.475,8.65,8.35,64.75816538281448,-39.83422317187332
