rule,obsset,algo,config,kwargs,seed,region,steps,eval_split,drawmean_reported_return_pct,drawmean_ledger_return_pct,drawmean_mean_abs_lev_open,drawshare_floor_bound,drawshare_closed,seconds,L0,L0.02,L0.05,L0.1,L0.25,L0.5,L1,L2,L3
FL,EQ,A2C,A2C-n256,"{'n_steps': 256, 'gae_lambda': 0.95, 'normalize_advantage': True}",0,DK1,16384,train,-71.92238854166008,-71.92238854166008,4.0,0.0,0.6666666666666666,42.8,4.0,4.0,4.0,4.0,4.0,4.0,4.0,4.0,4.0
FL,EQ,A2C,A2C-n64,"{'n_steps': 64, 'gae_lambda': 0.95, 'normalize_advantage': True}",0,DK1,16384,train,-71.92238854166008,-71.92238854166008,4.0,0.0,0.6666666666666666,43.5,4.0,4.0,4.0,4.0,4.0,4.0,4.0,4.0,4.0
FL,EQ,DQN,DQN-default,{},0,DK1,16384,train,32.35951562501929,32.35951562501929,0.2514433871485085,0.0,0.0,17.6,16.0,16.0,16.0,16.0,16.0,16.0,4.0,0.25,0.25
LL,EQ,A2C,A2C-n256,"{'n_steps': 256, 'gae_lambda': 0.95, 'normalize_advantage': True}",0,DK1,16384,train,-71.16251145832719,-71.92238854166008,4.0,0.6666666666666666,0.6666666666666666,42.8,4.0,4.0,4.0,4.0,4.0,4.0,4.0,4.0,4.0
LL,EQ,A2C,A2C-n64,"{'n_steps': 64, 'gae_lambda': 0.95, 'normalize_advantage': True}",0,DK1,16384,train,-71.16251145832719,-71.92238854166008,4.0,0.6666666666666666,0.6666666666666666,43.2,4.0,4.0,4.0,4.0,4.0,4.0,4.0,4.0,4.0
LL,EQ,DQN,DQN-default,{},0,DK1,16384,train,32.35951562501929,32.35951562501929,0.2514433871485085,0.0,0.0,17.5,16.0,16.0,16.0,16.0,16.0,16.0,4.0,0.25,0.25
ZF,EQ,A2C,A2C-n256,"{'n_steps': 256, 'gae_lambda': 0.95, 'normalize_advantage': True}",0,DK1,16384,train,497.1405125000213,264.13489895834726,16.0,1.0,0.0,43.8,16.0,16.0,16.0,16.0,16.0,16.0,16.0,16.0,16.0
ZF,EQ,A2C,A2C-n64,"{'n_steps': 64, 'gae_lambda': 0.95, 'normalize_advantage': True}",0,DK1,16384,train,0.0,0.0,0.0,0.0,0.0,17.4,0.0,0.0,0.0,0.0,0.0,0.0,0.0,0.0,0.0
ZF,EQ,DQN,DQN-default,{},0,DK1,16384,train,0.0,0.0,0.0,0.0,0.0,17.4,16.0,16.0,16.0,16.0,16.0,16.0,0.0,0.25,0.25
