market,algo,region,liability,n_seeds,ML,RS,rep,rep_lo,rep_hi,led,rep_median,led_median,inflation,floor_share,closed_share,probe_e0,probe_e0.02,probe_e0.05,probe_e0.1,probe_e0.25,probe_e0.5,probe_e1,probe_e2
NE,DQN,DK1,FL,5,8.562751986901938,0.07804738249904464,-29.850376109374718,-63.619602137499406,6.338614518750104,-29.850376109374718,-21.248438031248817,-21.248438031248817,0.0,0.0,0.8,8.55229270156668,8.538249904470769,8.525124188001529,8.51274359954146,8.511845624761175,8.512839128773404,8.434696217042417,8.401967902178066
NE,DQN,DK1,LL,5,7.409374497137206,-0.4006495987772256,-5.945647578124968,-29.665376815624974,14.41350133437482,-11.144226968750129,10.814037328124618,5.929707953125019,5.198579390625161,0.8,0.8,6.764787925105082,6.772143675964846,6.783874665647687,6.7818876576232325,6.850802445548338,6.937237294612151,7.182537256400458,7.674379059992357
NE,DQN,DK1,ZF,5,10.039209539505112,0.7884027512418801,111.50342383749994,96.92906516562422,125.48205742500018,-57.354433650000395,119.14040112500035,-72.76202873437502,168.85785748750033,0.8,0.0,10.545299961788306,10.495758502101644,10.445529231944974,10.372525792892626,10.125754680932365,9.827607948032098,9.584123041650745,10.19092472296523
NE,DQN,DK2,FL,5,7.513335250068008,-0.07588842185708825,-21.271968131250166,-65.96465430625,22.128962087499513,-21.271968131250166,-15.975733562499679,-15.975733562499679,0.0,0.0,1.0,7.153706534199465,7.146790217806649,7.138995032479938,7.123939625525411,7.082212457011846,7.107986243790599,7.199828047382499,7.8185708826901035
NE,DQN,DK2,LL,5,6.707085638462312,-0.5218570882690102,-42.31907457187518,-66.36520410312467,-18.27294504062567,-53.02614827187507,-47.41952020312486,-56.16558531249969,10.7070736999999,1.0,1.0,6.035479556744365,6.041497898356897,6.06157814291173,6.083377913641574,6.148433320596102,6.2667558272831485,6.605235001910584,7.381715705005732
NE,DQN,DK2,ZF,5,8.483814010700296,0.2805884600687806,147.82938423124887,100.02493514999867,219.22135230624872,-52.026140928126324,123.3338319531251,-77.70241215625029,199.85552515937516,0.8,0.0,8.805406954528085,8.779786014520443,8.760450897974781,8.7180550248376,8.652158960641955,8.515017195261752,8.437466564768819,8.532747420710738
NE,PPO,DK1,FL,5,4.082261745579558,0.22896446312571656,2.61426177812569,-17.861066990624412,21.488953900003562,2.61426177812569,8.603936625001882,8.603936625001882,0.0,0.0,0.6,4.41730989682843,4.405330531142529,4.3983186855177685,4.393618647306075,4.383014902560183,4.344382881161636,4.1646541841803595,3.788517386320214
NE,PPO,DK1,LL,5,3.8417089027452285,0.3728888039740159,-14.597470828122823,-31.826189753123508,2.6312480968778638,-18.399027343747576,-11.542778734373915,-15.030368624998932,3.801556515624754,1.0,1.0,4.2806075659151706,4.274818494459304,4.281830340084065,4.273920519679022,4.2356897210546425,4.198910966755827,3.901031715705006,3.351471150171953
NE,PPO,DK1,ZF,5,3.9566255851724472,1.923442873519297,38.43912769375237,22.70541900624942,49.95555263437841,-15.076501856246779,44.07738001562555,-15.286444859368695,53.515629549999154,0.4,0.0,6.294325563622469,6.256094764998091,6.175735575085977,6.070443255636225,5.726977455101261,5.09715322888804,4.147000382116929,2.8050248376003055
NE,PPO,DK2,FL,5,4.141267439197238,0.7806648834543369,12.789228846876634,-16.3405627249993,41.91902041875257,12.789228846876634,-10.157827937496396,-10.157827937496396,0.0,0.0,0.8,5.087619411539931,5.083568972105463,5.075525410775697,5.037810470003822,4.92756973633932,4.751108139090561,4.257145586549484,3.7220099350401226
NE,PPO,DK2,LL,5,4.990742196632321,0.45082155139472685,-13.115297203125703,-34.15524168124942,6.347961968749154,-23.680567515625164,-7.234277468753658,-23.133112062502725,10.565270312499464,1.0,1.0,5.805731753916699,5.7970959113488725,5.785212074894917,5.755406954528086,5.674818494459305,5.563221245701184,5.304585403133358,4.700076423385556
NE,PPO,DK2,ZF,5,4.528586868252604,1.0746083301490255,102.03012367187421,72.27878607500023,136.70471471874808,-52.93749835000017,80.5924442187496,-25.33553993749942,154.96762202187438,0.8,0.0,6.004337027130302,5.98309132594574,5.933454337027131,5.85571264807031,5.635785250286587,5.314100114635078,4.781104317921284,3.964673290026748
RM,DQN,DK1,FL,5,12.60066638005159,-0.30527321360336296,9601.142711562585,9499.273254000094,9703.012169125075,9601.142711562585,9595.534756250063,9595.534756250063,0.0,0.0,0.0,11.244784103935805,11.24904470768055,11.260450897974781,11.256916316392815,11.303763851738632,11.37718761941154,11.562189529996179,11.94904470768055
RM,DQN,DK1,LL,5,13.0317139581542,-0.2691058463889949,9599.25314193757,9444.563413187587,9758.495836750055,9599.25314193757,9616.248790937558,9616.248790937558,0.0,0.0,0.0,11.664272067252579,11.668857470385937,11.673290026748182,11.658521207489493,11.713832632785632,11.763125716469238,11.927627053878485,12.276423385555981
RM,DQN,DK1,ZF,5,12.447573325690264,0.11797860145204489,9382.553091562548,9283.12521168754,9470.06291181257,9382.553091562548,9386.187481562589,9386.187481562589,0.0,0.0,0.0,11.890523500191058,11.885670615208253,11.884543370271302,11.86975544516622,11.837925105082155,11.798089415361101,11.751776843714175,11.925219717233473
RM,DQN,DK2,FL,5,13.901645648227765,-0.19986625907527725,10915.327279937603,10702.533976000088,11137.480697625102,10915.327279937603,10973.671709375143,10973.671709375143,0.0,0.0,0.0,12.371474971341232,12.371379442109284,12.358654948414214,12.380683989300724,12.39432556362247,12.43098968284295,12.580550248376003,13.01274359954146
RM,DQN,DK2,LL,5,14.229714817999428,-0.29787925105082175,10799.361244375114,10453.813592187613,11146.419382250086,10799.361244375114,10649.864810937675,10649.864810937675,0.0,0.0,0.0,12.575391669850974,12.579805120366832,12.578868933893771,12.61692777990065,12.665685899885364,12.736530378295758,12.91480703095147,13.408654948414215
RM,DQN,DK2,ZF,5,13.77509553835865,-0.006706152082537287,10888.302637750088,10654.451288187589,11181.836180687598,10888.302637750088,10745.52573843764,10745.52573843764,0.0,0.0,0.0,12.376251432938478,12.371150171952618,12.354795567443636,12.35076423385556,12.343847917462742,12.330645777607948,12.357470385938097,12.633186855177685
RM,PPO,DK1,FL,5,11.29341501862998,0.19703859380970562,9480.377306500053,9165.270799875037,9764.595414062558,9480.377306500053,9496.263781562517,9496.263781562517,0.0,0.0,0.0,12.964807030951471,12.958693160106993,12.949579671379443,12.946312571646923,12.933454337027133,12.877818112342377,12.749273977837216,12.422716851356515
RM,PPO,DK1,LL,5,12.036450272284323,-0.08397019487963284,9920.933797375046,9708.767243750024,10135.542906500064,9920.933797375046,10023.81189750004,10023.81189750004,0.0,0.0,0.0,13.112533435231182,13.119908291937332,13.12336645013374,13.135231180741306,13.165246465418416,13.203324417271684,13.21920137562094,13.099216660298051
RM,PPO,DK1,ZF,5,13.206900257953569,-0.1769965609476504,10110.497811000096,10005.8888019376,10201.905137625106,10110.497811000096,10100.507699375088,10100.507699375088,0.0,0.0,0.0,13.828295758502103,13.823270920901797,13.836816965991593,13.847172334734427,13.887428353076041,13.951776843714176,14.024168895682077,13.966755827283148
RM,PPO,DK2,FL,5,12.363681092958823,0.01153993121895347,10279.021431749945,9452.819387749962,10868.561663624965,10279.021431749945,10511.750853124839,10511.750853124839,0.0,0.0,0.0,14.146025983951091,14.14237676729079,14.14260603744746,14.131123423767672,14.134524264424915,14.146828429499427,14.119583492548719,13.910011463507834
RM,PPO,DK2,LL,5,12.289758287952614,0.07176155903706594,10498.74531006253,10339.492428937563,10657.998191187497,10498.74531006253,10393.720669687602,10393.720669687602,0.0,0.0,0.0,13.963488727550631,13.960699273977834,13.962590752770348,13.957718761941155,13.952980512036683,13.927894535727933,13.88595720290409,13.667711119602597
RM,PPO,DK2,ZF,5,11.65986911244865,0.3103171570500578,10750.665657937538,10391.254488375092,11106.798736437557,10750.665657937538,10949.853674687369,10949.853674687369,0.0,0.0,0.0,14.551872372946121,14.545299961788308,14.539969430645778,14.535403133358807,14.485403133358806,14.41656476881926,14.225085976308751,13.60552158960642
