region,rule,equity,opt_abs_lev,gain_over_flat_eur
DK1,FL,0.0,0.0,0.0
DK1,FL,0.02,0.0,0.0
DK1,FL,0.05,0.0,0.0
DK1,FL,0.1,0.0,0.0
DK1,FL,0.25,0.0,0.0
DK1,FL,0.5,0.0,0.0
DK1,FL,1.0,0.0,0.0
DK1,FL,2.0,0.0,0.0
DK1,FL,3.0,0.0,0.0
DK1,ZF,0.0,16.0,18.782495948955102
DK1,ZF,0.02,16.0,14.996327211227253
DK1,ZF,0.05,16.0,9.769131806695327
DK1,ZF,0.1,16.0,2.4051941710212077
DK1,ZF,0.25,0.0,0.0
DK1,ZF,0.5,0.0,0.0
DK1,ZF,1.0,0.0,0.0
DK1,ZF,2.0,0.0,0.0
DK1,ZF,3.0,0.0,0.0
DK2,FL,0.0,0.0,0.0
DK2,FL,0.02,0.0,0.0
DK2,FL,0.05,0.0,0.0
DK2,FL,0.1,0.0,0.0
DK2,FL,0.25,0.0,0.0
DK2,FL,0.5,0.0,0.0
DK2,FL,1.0,0.0,0.0
DK2,FL,2.0,0.0,0.0
DK2,FL,3.0,0.0,0.0
DK2,ZF,0.0,16.0,17.36900900471187
DK2,ZF,0.02,16.0,13.616677070316427
DK2,ZF,0.05,16.0,8.492141302546202
DK2,ZF,0.1,16.0,1.5375772690124165
DK2,ZF,0.25,0.0,0.0
DK2,ZF,0.5,0.0,0.0
DK2,ZF,1.0,0.0,0.0
DK2,ZF,2.0,0.0,0.0
DK2,ZF,3.0,0.0,0.0
