liability,market,region,policy,reported_return_pct,ledger_return_pct,closed,floor_bound,max_gap_pp,mean_abs_lev_open,share_max_lev_open,open_quarters,drawmean_reported_return_pct,drawmean_ledger_return_pct,drawmean_mean_abs_lev_open,drawmean_max_gap_pp,drawshare_floor_bound,drawshare_closed
FL,RM,DK1,flat,0.0,0.0,False,False,0.0,0.0,0.0,20934,,,,,,
FL,RM,DK1,persistence_tuned:persistence_x4,2678.341915625053,2678.341915625053,False,False,0.0,3.178561192318716,0.0,20934,,,,,,
FL,RM,DK1,constant_tuned:long_x16,-100.41234374999766,-100.41234374999766,True,False,0.0,16.0,1.0,2811,,,,,,
LL,RM,DK1,flat,0.0,0.0,False,False,0.0,0.0,0.0,20934,,,,,,
LL,RM,DK1,persistence_tuned:persistence_x4,2678.341915625053,2678.341915625053,False,False,0.0,3.178561192318716,0.0,20934,,,,,,
LL,RM,DK1,constant_tuned:long_x16,-100.0,-100.41234374999766,True,True,0.41234374999765266,16.0,1.0,2811,,,,,,
ZF,RM,DK1,flat,0.0,0.0,False,False,0.0,0.0,0.0,20934,,,,,,
ZF,RM,DK1,persistence_tuned:persistence_x16,10434.477879375117,10434.477879375117,False,False,0.0,12.714244769274863,0.794640298079679,20934,,,,,,
ZF,RM,DK1,constant_tuned:long_x16,620.3075203125043,-10.290458749989174,False,True,630.5979790624951,16.0,1.0,20934,,,,,,
FL,NE,DK1,flat,0.0,0.0,False,False,0.0,0.0,0.0,20934,0.0,0.0,0.0,0.0,0.0,0.0
FL,NE,DK1,persistence_tuned:persistence_x4,-39.378984375000755,-39.378984375000755,False,False,0.0,3.178561192318716,0.0,20934,-5.201616406245566,-5.201616406245566,3.1750549698346004,0.0,0.0,0.15
FL,NE,DK1,constant_tuned:short_x0.25,-11.523137499985825,-11.523137499985825,False,False,0.0,0.25,0.0,20934,-0.41455312498626695,-0.41455312498626695,0.25,0.0,0.0,0.0
LL,NE,DK1,flat,0.0,0.0,False,False,0.0,0.0,0.0,20934,0.0,0.0,0.0,0.0,0.0,0.0
LL,NE,DK1,persistence_tuned:persistence_x4,-39.378984375000755,-39.378984375000755,False,False,0.0,3.178561192318716,0.0,20934,-4.892621718745948,-5.201616406245566,3.1750549698346004,0.30899468749961717,0.15,0.15
LL,NE,DK1,constant_tuned:short_x0.25,-11.523137499985825,-11.523137499985825,False,False,0.0,0.25,0.0,20934,-0.41455312498626695,-0.41455312498626695,0.25,0.0,0.0,0.0
ZF,NE,DK1,flat,0.0,0.0,False,False,0.0,0.0,0.0,20934,0.0,0.0,0.0,0.0,0.0,0.0
ZF,NE,DK1,persistence_tuned:persistence_x16,41.48365374999903,-102.56329312499928,False,True,144.04694687499963,12.714244769274863,0.794640298079679,20934,126.9480507343753,-1.921138937501081,12.714244769274865,128.86918967187677,0.9,0.0
ZF,NE,DK1,constant_tuned:long_x16,718.6463893750221,718.6463893750221,False,False,0.0,16.0,1.0,20934,143.16119328125208,-34.38186103124991,16.0,177.54305431250245,0.65,0.0
FL,RM,DK2,flat,0.0,0.0,False,False,0.0,0.0,0.0,20934,,,,,,
FL,RM,DK2,persistence_tuned:persistence_x16,11302.599770625082,11302.599770625082,False,False,0.0,11.058756090570364,0.6911722556606478,20934,,,,,,
FL,RM,DK2,constant_tuned:short_x1,-72.59420937500262,-72.59420937500262,False,False,0.0,1.0,0.0,20934,,,,,,
LL,RM,DK2,flat,0.0,0.0,False,False,0.0,0.0,0.0,20934,,,,,,
LL,RM,DK2,persistence_tuned:persistence_x16,11302.599770625082,11302.599770625082,False,False,0.0,11.058756090570364,0.6911722556606478,20934,,,,,,
LL,RM,DK2,constant_tuned:short_x1,-72.59420937500262,-72.59420937500262,False,False,0.0,1.0,0.0,20934,,,,,,
ZF,RM,DK2,flat,0.0,0.0,False,False,0.0,0.0,0.0,20934,,,,,,
ZF,RM,DK2,persistence_tuned:persistence_x16,11302.599770625082,11302.599770625082,False,False,0.0,11.058756090570364,0.6911722556606478,20934,,,,,,
ZF,RM,DK2,constant_tuned:short_x16,128.55203156250363,-1271.5629734374957,False,True,1400.1150050000012,16.0,1.0,20934,,,,,,
FL,NE,DK2,flat,0.0,0.0,False,False,0.0,0.0,0.0,20934,0.0,0.0,0.0,0.0,0.0,0.0
FL,NE,DK2,persistence_tuned:persistence_x0.25,0.3756437500064935,0.3756437500064935,False,False,0.0,0.17279306391516194,0.0,20934,-0.2679396874938169,-0.2679396874938169,0.17279306391516197,0.0,0.0,0.0
FL,NE,DK2,constant_tuned:short_x16,-101.4475031250006,-101.4475031250006,True,False,0.0,16.0,1.0,5411,116.56641343750087,116.56641343750087,16.0,0.0,0.0,0.6
LL,NE,DK2,flat,0.0,0.0,False,False,0.0,0.0,0.0,20934,0.0,0.0,0.0,0.0,0.0,0.0
LL,NE,DK2,persistence_tuned:persistence_x0.25,0.3756437500064935,0.3756437500064935,False,False,0.0,0.17279306391516194,0.0,20934,-0.2679396874938169,-0.2679396874938169,0.17279306391516197,0.0,0.0,0.0
LL,NE,DK2,constant_tuned:short_x16,-100.0,-101.4475031250006,True,True,1.4475031250006032,16.0,1.0,5411,121.1712507187511,116.56641343750087,16.0,4.604837281250235,0.6,0.6
ZF,NE,DK2,flat,0.0,0.0,False,False,0.0,0.0,0.0,20934,0.0,0.0,0.0,0.0,0.0,0.0
ZF,NE,DK2,persistence_tuned:persistence_x16,-33.28737812500261,-33.28737812500261,False,False,0.0,11.058756090570364,0.6911722556606478,20934,211.0283598906256,-22.687452531250702,11.058756090570366,233.71581242187682,0.75,0.0
ZF,NE,DK2,constant_tuned:long_x16,187.62722531250228,103.38018156249773,False,True,84.24704375000472,16.0,1.0,20934,171.35994275000067,-301.6207393437484,16.0,472.98068209375106,0.95,0.0
