liability,market,algo,seed,region,steps,eval_split,reported_return_pct,ledger_return_pct,closed,floor_bound,max_gap_pp,mean_abs_lev_open,share_max_lev_open,open_quarters,drawmean_reported_return_pct,drawmean_ledger_return_pct,drawmean_mean_abs_lev_open,drawmean_max_gap_pp,drawshare_floor_bound,drawshare_closed,probe_e0,probe_e0.02,probe_e0.05,probe_e0.1,probe_e0.25,probe_e0.5,probe_e1,probe_e2,seconds,ML,rep,led,inflation,RS
FL,NE,DQN,0,DK1,400000,test,413.2937371874991,413.2937371874991,False,False,0.0,9.111505206840546,0.5041559186013185,20934,40.71090598437438,40.71090598437438,10.600621609868828,0.0,0.0,0.55,10.973442873519296,10.974875811998471,10.98404661826519,11.011367978601452,11.09677111196026,11.246465418418035,11.32833397019488,10.19373328238441,1111.1,10.600621609868828,40.71090598437438,40.71090598437438,0.0,-0.31696599159342753
FL,NE,DQN,0,DK2,400000,test,-186.77128437500082,-186.77128437500082,True,False,0.0,9.201973104938766,0.5269350836468423,12493,-97.62107560937486,-97.62107560937486,9.758031947774034,0.0,0.0,0.85,7.910584638899503,7.902942300343906,7.938956820787161,7.94277799006496,8.052732136033626,8.380110813909056,9.11616354604509,11.131639281620176,1133.2,9.758031947774034,-97.62107560937486,-97.62107560937486,0.0,-1.17338555598013
FL,NE,DQN,1,DK1,400000,test,-100.75244375000008,-100.75244375000008,True,False,0.0,10.670367132867133,0.5884615384615385,2860,-79.2335790000003,-79.2335790000003,10.50809907727239,0.0,0.0,0.95,10.628677875429881,10.574130683989301,10.510985861673673,10.44277799006496,10.314386702330914,9.95643867023309,9.492357661444402,9.09486052732136,1001.8,10.50809907727239,-79.2335790000003,-79.2335790000003,0.0,0.9504203286205577
FL,NE,DQN,1,DK2,400000,test,-100.76082249999918,-100.76082249999918,True,False,0.0,7.179070473876063,0.3399756986634265,8230,-56.07330348437493,-56.07330348437493,7.720123828420386,0.0,0.0,0.85,8.557317539166984,8.527034772640429,8.451471150171953,8.333588077951854,8.062858234619794,7.673958731371799,7.3528849828047385,7.3772449369507065,1041.6,7.720123828420386,-56.07330348437493,-56.07330348437493,0.0,0.9807030951471152
FL,NE,DQN,2,DK1,400000,test,-116.77913437499888,-116.77913437499888,True,False,0.0,7.11323960554371,0.34168443496801704,7504,-69.1912073281238,-69.1912073281238,7.4329432273639,0.0,0.0,0.85,7.224780282766527,7.1898165838746655,7.182460833014902,7.169182269774551,7.2169468857470385,7.148261367978601,6.984524264424914,7.7340466182651895,1024.3,7.4329432273639,-69.1912073281238,-69.1912073281238,0.0,0.18465800534963694
FL,NE,DQN,2,DK2,400000,test,-123.86685843750035,-123.86685843750035,True,False,0.0,8.980146101547808,0.49573267756400985,6913,19.113258781249478,19.113258781249478,9.103987966792879,0.0,0.0,0.75,7.80970576996561,7.812858234619793,7.845529231944975,7.8624379059992355,7.958826901031716,8.178639663737103,8.496656476881926,9.217711119602598,1012.6,9.103987966792879,19.113258781249478,19.113258781249478,0.0,-0.6342185708826902
FL,NE,DQN,3,DK1,400000,test,-101.40946031249851,-101.40946031249851,True,False,0.0,7.227289113193944,0.35255948089401584,13870,-20.289562171875055,-20.289562171875055,7.072123791317312,0.0,0.0,0.75,6.930263660680168,6.9609285441345055,6.996178830722201,7.026079480320978,7.1579098204050435,7.368360718379824,7.53649216660298,7.179403897592663,1048.9,7.072123791317312,-20.289562171875055,-20.289562171875055,0.0,-0.5104126862820024
FL,NE,DQN,3,DK2,400000,test,-100.05870343750072,-100.05870343750072,True,False,0.0,6.194788292457195,0.3114298935677927,8644,-15.975733562499679,-15.975733562499679,6.282818642491248,0.0,0.0,0.7,6.810565533053114,6.824321742453191,6.800152846771112,6.829671379442109,6.82814291173099,6.794803209782193,6.567252579289263,6.563622468475353,1003.1,6.282818642491248,-15.975733562499679,-15.975733562499679,0.0,0.26241880015284647
FL,NE,DQN,4,DK1,400000,test,-102.60069999999982,-102.60069999999982,True,False,0.0,6.3678852643419575,0.2803149606299213,4445,-21.248438031248817,-21.248438031248817,7.1999722286872565,0.0,0.0,0.65,7.004298815437524,6.991497898356897,6.951948796331678,6.914310278945357,6.773213603362629,6.844669468857471,6.8317730225448985,7.80779518532671,1021.0,7.1999722286872565,-21.248438031248817,-21.248438031248817,0.0,0.0825372564004585
FL,NE,DQN,4,DK2,400000,test,-100.04846437500024,-100.04846437500024,True,False,0.0,4.264072327044025,0.2231656184486373,9540,44.19701321874915,44.19701321874915,4.701713864861486,0.0,0.0,0.6,4.680359189912113,4.666794038975927,4.658865112724493,4.651222774168896,4.508502101643103,4.5124188001528465,4.4661826518914785,4.8026366068016815,1016.9,4.701713864861486,44.19701321874915,44.19701321874915,0.0,0.1850401222774174
FL,NE,PPO,0,DK1,400000,test,106.28690812500885,106.28690812500885,False,False,0.0,1.9500334384255278,0.0468615649183147,20934,34.15027335938022,34.15027335938022,2.4864984223788342,0.0,0.0,0.25,3.9553878486816965,3.895491020252197,3.810565533053114,3.6688001528467713,3.362151318303401,3.0253152464654183,2.4291173098968284,1.9550057317539167,1609.7,2.4864984223788342,34.15027335938022,34.15027335938022,0.0,1.239682842949943
FL,NE,PPO,0,DK2,400000,test,-111.25753124999953,-111.25753124999953,True,False,0.0,6.945253863134658,0.3629139072847682,4530,-22.637291687499246,-22.637291687499246,4.627095914308511,0.0,0.0,0.6,9.850019105846389,9.80645777607948,9.700133740924723,9.503916698509745,8.837886893389378,7.6626862820022925,5.072411157814291,1.9603553687428352,1483.7,4.627095914308511,-22.637291687499246,-22.637291687499246,0.0,4.431505540695453
FL,NE,PPO,1,DK1,400000,test,-100.0496090624996,-100.0496090624996,True,False,0.0,2.5734768059081468,0.08077544426494346,8666,9.431488843746356,9.431488843746356,2.6933075840980853,0.0,0.0,0.2,2.8326327856324034,2.830722200993504,2.827092090179595,2.838269010317157,2.823461979365686,2.8204050439434467,2.707202904088651,2.527512418800153,1670.4,2.6933075840980853,9.431488843746356,9.431488843746356,0.0,0.13106610622850567
FL,NE,PPO,1,DK2,400000,test,-104.14497124999664,-104.14497124999664,True,False,0.0,1.7511437095972153,0.061163600198906015,10055,55.280645375004255,55.280645375004255,1.6232069324958445,0.0,0.0,0.4,3.317634696217042,3.3019679021780663,3.2708253725640044,3.1785441345051586,3.0201566679403897,2.723824990447077,2.1373710355368742,1.2713030187237295,1664.5,1.6232069324958445,55.280645375004255,55.280645375004255,0.0,1.0411730989682844
FL,NE,PPO,2,DK1,400000,test,-100.5039093749994,-100.5039093749994,True,False,0.0,6.375515463917526,0.3211340206185567,1940,-3.609987203124736,-3.609987203124736,6.15639840062798,0.0,0.0,0.7,4.637466564768819,4.666507451280092,4.693637753152465,4.778563240351548,5.032384409629347,5.4242453190676345,6.066774933129538,6.971054642720673,1466.3,6.15639840062798,-3.609987203124736,-3.609987203124736,0.0,-1.28821169277799
FL,NE,PPO,2,DK2,400000,test,222.52283937500707,222.52283937500707,False,False,0.0,3.101700582783988,0.08173306582592911,20934,-10.157827937496396,-10.157827937496396,3.6334356926346274,0.0,0.0,0.5,4.1227550630492935,4.104222392051968,4.102502865876958,4.078716087122659,4.03859380970577,3.9393389377149406,3.769487963316775,3.153897592663355,1492.4,3.6334356926346274,-10.157827937496396,-10.157827937496396,0.0,0.30922812380588427
FL,NE,PPO,3,DK1,400000,test,162.67649812500434,162.67649812500434,False,False,0.0,2.9347831279258623,0.1057609630266552,20934,8.603936625001882,8.603936625001882,3.0208110939085966,0.0,0.0,0.5,3.315724111578143,3.3098012991975545,3.3175391669850973,3.3418035918991214,3.3784868169659914,3.303878486816966,3.3005349636988917,3.0056362246847534,1488.6,3.0208110939085966,8.603936625001882,8.603936625001882,0.0,0.041268628200229696
FL,NE,PPO,3,DK2,400000,test,-123.49078093749965,-123.49078093749965,True,False,0.0,5.692453963170537,0.2903923138510809,12490,54.59581964062537,54.59581964062537,6.28362210988684,0.0,0.0,0.5,4.697936568589989,4.719430645777608,4.781620175773787,4.873710355368742,5.0742262132212455,5.491402369124952,5.918800152846771,6.71102407336645,1489.0,6.28362210988684,54.59581964062537,54.59581964062537,0.0,-1.0450897974780284
FL,NE,PPO,4,DK1,400000,test,-112.51039906250016,-112.51039906250016,True,False,0.0,6.009885433715221,0.31757774140752865,15275,-35.50440273437527,-35.50440273437527,6.054293226884295,0.0,0.0,0.65,7.345338173481085,7.324130683989301,7.342758884218571,7.340657241115782,7.318589988536492,7.148070309514711,6.319640810087887,4.483377913641574,1510.7,6.054293226884295,-35.50440273437527,-35.50440273437527,0.0,1.0210164310278946
FL,NE,PPO,4,DK2,400000,test,-100.13096249999998,-100.13096249999998,True,False,0.0,3.7287833270747277,0.1836274877957191,2663,-13.135201156250815,-13.135201156250815,4.538976546660367,0.0,0.0,0.8,3.449751623996943,3.485766144440199,3.522544898739014,3.554165074512801,3.6669850974398166,3.938288116163546,4.387657623232709,5.513469621704242,1529.2,4.538976546660367,-13.135201156250815,-13.135201156250815,0.0,-0.8334925487199079
FL,RM,DQN,0,DK1,400000,test,9473.443318750114,9473.443318750114,False,False,0.0,11.850816852966465,0.7241807585745677,20934,,,,,,,11.721627818112342,11.731658387466565,11.72965227359572,11.723920519679021,11.722105464272067,11.737581199847153,11.685422239205197,11.72774168895682,988.8,11.850816852966465,9473.443318750114,9473.443318750114,0.0,0.03849828047382431
FL,RM,DQN,0,DK2,400000,test,10742.435312500158,10742.435312500158,False,False,0.0,12.948110728957676,0.7977930639151619,20934,,,,,,,11.974398165838746,11.992357661444402,11.98175391669851,11.968570882690104,12.030282766526557,12.105846388995033,12.187714940771876,12.618169659915933,982.8,12.948110728957676,10742.435312500158,10742.435312500158,0.0,-0.21914405808177229
FL,RM,DQN,1,DK1,400000,test,9707.029306562574,9707.029306562574,False,False,0.0,11.257738607050731,0.701060475781026,20934,,,,,,,9.836549484142148,9.822888803974015,9.840657241115782,9.844764998089415,9.838077951853267,9.830626671761559,9.904279709591135,10.220959113488728,988.3,11.257738607050731,9707.029306562574,9707.029306562574,0.0,-0.05951471150171983
FL,RM,DQN,1,DK2,400000,test,10973.671709375143,10973.671709375143,False,False,0.0,12.568321868730296,0.7728575523072514,20934,,,,,,,12.266622086358426,12.245128009170806,12.241115781429118,12.230512036683225,12.186473060756592,12.04356132976691,11.887944210928545,11.733568972105465,991.4,12.568321868730296,10973.671709375143,10973.671709375143,0.0,0.3425678257546796
FL,RM,DQN,2,DK1,400000,test,9476.97243812509,9476.97243812509,False,False,0.0,13.13924715773383,0.8138912773478552,20934,,,,,,,12.758311043179212,12.77092090179595,12.782957585021016,12.76977455101261,12.802158960641956,12.82680550248376,12.955483377913641,13.14787925105082,976.7,13.13924715773383,9476.97243812509,9476.97243812509,0.0,-0.1857088269010312
FL,RM,DQN,2,DK2,400000,test,11323.765488750068,11323.765488750068,False,False,0.0,15.219666571128307,0.9426292156300755,20934,,,,,,,14.280569354222392,14.291937332823844,14.272449369507068,14.322888803974015,14.331486434849063,14.335307604126863,14.547191440580818,15.11444401987008,3388.7,15.219666571128307,11323.765488750068,11323.765488750068,0.0,-0.2243026366068026
FL,RM,DQN,3,DK1,400000,test,9752.733738125085,9752.733738125085,False,False,0.0,13.680663036209038,0.8302761058565014,20934,,,,,,,11.547764615972488,11.55722200993504,11.567252579289262,11.570405043943447,11.646637371035537,11.798528849828047,12.195357279327474,12.735192969048528,1715.5,13.680663036209038,9752.733738125085,9752.733738125085,0.0,-0.6249522353840273
FL,RM,DQN,3,DK2,400000,test,10989.537791250052,10989.537791250052,False,False,0.0,15.143450845514474,0.9398586032291966,20934,,,,,,,13.144440198700803,13.129537638517386,13.100019105846389,13.095529231944974,13.04356132976691,13.045089797478028,13.15322888803974,13.608712265953383,1561.7,15.143450845514474,10989.537791250052,10989.537791250052,0.0,-0.05769965609476557
FL,RM,DQN,4,DK1,400000,test,9595.534756250063,9595.534756250063,False,False,0.0,13.074866246297889,0.8062959778351008,20934,,,,,,,10.359667558272832,10.36253343523118,10.381734810852121,10.375716469239586,10.509839510890332,10.69239587313718,11.070405043943447,11.913450515857852,1666.9,13.074866246297889,9595.534756250063,9595.534756250063,0.0,-0.6946885747038607
FL,RM,DQN,4,DK2,400000,test,10547.226097812592,10547.226097812592,False,False,0.0,13.628678226808063,0.8416451705359702,20934,,,,,,,10.191345051585785,10.197936568589988,10.197936568589988,10.285918991211311,10.379824226213222,10.625143293847918,11.126671761559036,11.988823079862438,1691.0,13.628678226808063,10547.226097812592,10547.226097812592,0.0,-0.8407527703477253
FL,RM,PPO,0,DK1,400000,test,8932.107208750014,8932.107208750014,False,False,0.0,11.190455717970766,0.6799464985191555,20934,,,,,,,12.05855941918227,12.05855941918227,12.044230034390523,12.052350019105846,12.066679403897593,12.002770347726404,11.94640810087887,11.727837218188766,1477.5,11.190455717970766,8932.107208750014,8932.107208750014,0.0,0.10594191822697674
FL,RM,PPO,0,DK2,400000,test,10472.4717915624,10472.4717915624,False,False,0.0,9.997169676124964,0.5500620999331232,20934,,,,,,,14.552541077569737,14.54107756973634,14.523500191058464,14.503247993886129,14.434275888421856,14.318972105464272,13.961883836453955,13.17472296522736,1464.4,9.997169676124964,10472.4717915624,10472.4717915624,0.0,0.5413641574321737
FL,RM,PPO,1,DK1,400000,test,9496.263781562517,9496.263781562517,False,False,0.0,9.611505206840546,0.5538836342791631,20934,,,,,,,13.145299961788307,13.13192586931601,13.130492930836835,13.092281238058845,13.028085594191822,12.872468475353458,12.558750477646159,11.837695834925487,1454.9,9.611505206840546,9496.263781562517,9496.263781562517,0.0,0.5335307604126864
FL,RM,PPO,1,DK2,400000,test,10560.860891562452,10560.860891562452,False,False,0.0,11.788860227381294,0.7095633897009649,20934,,,,,,,15.23653037829576,15.232040504394345,15.226022162781812,15.225735575085976,15.198223156285824,15.171379442109286,15.11444401987008,14.46427206725258,1448.8,11.788860227381294,10560.860891562452,10560.860891562452,0.0,0.11129155521589595
FL,RM,PPO,2,DK1,400000,test,9482.651415312586,9482.651415312586,False,False,0.0,11.596613165185822,0.7156778446546288,20934,,,,,,,14.088173481085212,14.051776843714176,14.022735957202904,13.992262132212456,13.826136797860146,13.635269392434084,13.292797095911348,12.848012991975544,1472.5,11.596613165185822,9482.651415312586,9482.651415312586,0.0,0.6994650363011079
FL,RM,PPO,2,DK2,400000,test,8730.495064687506,8730.495064687506,False,False,0.0,13.874414827553263,0.8300850291391993,20934,,,,,,,12.544038975926634,12.546331677493313,12.568398930072602,12.55722200993504,12.624856706152082,12.79031333588078,13.088937714940771,13.648739014138327,1461.5,13.874414827553263,8730.495064687506,8730.495064687506,0.0,-0.5317157050057304
FL,RM,PPO,3,DK1,400000,test,9943.483169062583,9943.483169062583,False,False,0.0,12.681427343078246,0.7715200152861373,20934,,,,,,,11.625047764615973,11.666316392816201,11.687714940771876,11.756878104700037,11.990542606037447,12.233855559801299,12.572697745510126,12.964940771876194,1470.4,12.681427343078246,9943.483169062583,9943.483169062583,0.0,-0.8158196408100888
FL,RM,PPO,3,DK2,400000,test,10511.750853124839,10511.750853124839,False,False,0.0,12.10110346804242,0.6773669628355785,20934,,,,,,,14.523500191058464,14.518914787925105,14.515475735575086,14.484810852120749,14.504298815437524,14.503152464654184,14.395108903324417,14.015093618647306,1453.9,12.10110346804242,10511.750853124839,10511.750853124839,0.0,0.08970194879633198
FL,RM,PPO,4,DK1,400000,test,9547.380957812557,9547.380957812557,False,False,0.0,11.38707366007452,0.6938950988822012,20934,,,,,,,13.906954528085594,13.884887275506305,13.86272449369507,13.837791364157432,13.755827283148644,13.644726786396637,13.375716469239586,12.735097439816585,1459.1,11.38707366007452,9547.380957812557,9547.380957812557,0.0,0.4620748949178459
FL,RM,PPO,4,DK2,400000,test,11119.528557812528,11119.528557812528,False,False,0.0,14.056857265692175,0.8763255947262826,20934,,,,,,,13.873519296904853,13.873519296904853,13.879633167749331,13.88460068781047,13.910966755827284,13.950324799388612,14.037542988154375,14.247229652273596,1465.8,14.056857265692175,11119.528557812528,11119.528557812528,0.0,-0.15294230034390388
LL,NE,DQN,0,DK1,400000,test,-100.0,-111.1279625000002,True,True,11.127962500000192,6.8184606252473285,0.369608231104076,2527,16.126865484374562,11.73430301562429,6.510475169024924,4.392562468750272,0.55,0.55,6.557890714558655,6.548051203668322,6.559037065341995,6.574417271685135,6.560278945357279,6.496465418418036,6.396637371035537,6.066870462361482,1122.7,6.510475169024924,16.126865484374562,11.73430301562429,4.392562468750272,0.1777799006495986
LL,NE,DQN,0,DK2,400000,test,-100.0,-100.1815168750005,True,True,0.18151687500050812,9.892216418757807,0.5774951742931759,8807,-76.01862135937463,-86.98724140624999,10.13420656787029,10.968620046875362,0.85,0.85,8.272449369507068,8.321455865494842,8.402751241880015,8.465991593427589,8.71274359954146,9.071742453190677,9.694784103935804,11.379537638517386,1120.8,10.13420656787029,-76.01862135937463,-86.98724140624999,10.968620046875358,-1.2287925105082156
LL,NE,DQN,1,DK1,400000,test,455.37731687499985,455.37731687499985,False,False,0.0,9.299620235024362,0.5201585936753607,20934,10.814037328124618,6.623297140624234,9.20497501798478,4.190740187500379,0.65,0.65,7.916125334352312,7.927588842185709,7.904852884982804,7.891765380206343,7.863488727550631,7.8991211310661065,8.419373328238441,9.229461215131831,1135.9,9.20497501798478,10.814037328124618,6.623297140624234,4.190740187500384,-0.5276079480320979
LL,NE,DQN,1,DK2,400000,test,-100.0,-125.08828218749952,True,True,25.088282187499516,6.367976628781816,0.2975028013446454,12494,-66.18462879687462,-81.21972151562417,6.563913819228406,15.035092718749535,0.8,0.8,5.398261367978601,5.410011463507834,5.424627435995415,5.446312571646924,5.506591517004203,5.703381734810852,6.371608712265953,7.605846388995032,1177.6,6.563913819228406,-66.18462879687462,-81.21972151562417,15.035092718749553,-0.9252961406190288
LL,NE,DQN,2,DK1,400000,test,-100.0,-101.74748906249866,True,True,1.7474890624986699,5.466152815013404,0.3026511766458147,13428,-25.340138203123765,-27.464725749998127,5.447039207219531,2.1245875468743587,0.65,0.65,5.103362628964463,5.098395108903325,5.105273213603363,5.1056553305311425,5.110527321360336,5.1694688574703855,5.395777607948032,6.086071837982423,1010.9,5.447039207219531,-25.340138203123765,-27.464725749998127,2.1245875468743627,-0.2901222774168897
LL,NE,DQN,2,DK2,400000,test,-100.0,-108.53085562500155,True,True,8.530855625001559,4.761509207365893,0.21873498799039232,12490,-12.130392625002191,-23.482730812502364,5.189631798030197,11.352338187500173,0.7,0.7,4.4134505158578525,4.413737103553688,4.437523882307986,4.466373710355369,4.515189147879251,4.6659342758884215,4.991020252197172,5.432556362246848,1009.5,5.189631798030197,-12.130392625002191,-23.482730812502364,11.352338187500173,-0.5246465418418031
LL,NE,DQN,3,DK1,400000,test,-100.0,-100.10916250000123,True,True,0.10916250000123298,7.25039242843952,0.39168975069252077,10830,-45.82887168750043,-52.543717203126064,7.36221400976474,6.714845515625631,0.75,0.75,6.746083301490256,6.760412686282002,6.785345815819641,6.770634314100115,6.980512036683225,7.179881543752388,7.4506113870844475,7.855273213603363,1009.2,7.36221400976474,-45.82887168750043,-52.543717203126064,6.714845515625633,-0.6799770729843324
LL,NE,DQN,3,DK2,400000,test,-100.0,-101.83827093749996,True,True,1.8382709374999466,5.9910681735326285,0.3336978976789403,8229,-47.41952020312486,-56.16558531249969,5.729284168465869,8.746065109374829,0.9,0.9,6.0322888803974015,6.027416889568208,6.031906763469622,6.064864348490638,6.13460068781047,6.1694688574703855,6.265189147879251,6.23060756591517,1016.5,5.729284168465869,-47.41952020312486,-56.16558531249969,8.746065109374825,-0.20032479938861325
LL,NE,DQN,4,DK1,400000,test,-100.0,-170.54878437499997,True,True,70.54878437499995,8.12772585669782,0.4454828660436137,1605,14.499869187500178,5.929707953125019,8.522169081692057,8.570161234375156,0.75,0.75,7.500477646159725,7.5262705387848685,7.564864348490638,7.5669659915934275,7.739205196790218,7.94124952235384,8.250286587695834,9.13421857088269,1028.5,8.522169081692057,14.499869187500178,5.929707953125019,8.570161234375158,-0.6833205961024067
LL,NE,DQN,4,DK2,400000,test,-100.0,-102.41218437499944,True,True,2.4121843749994403,5.704117362955808,0.3204539966191741,4141,-9.842209874999558,-17.275462312499144,5.918391838716796,7.4332524374995845,0.7,0.7,6.0609476499808945,6.034868169659916,6.011081390905617,5.973347344287352,5.873041650745128,5.723251815055407,5.703572793274742,6.260030569354222,1043.1,5.918391838716796,-9.842209874999558,-17.275462312499144,7.433252437499586,0.2697745510126097
LL,NE,PPO,0,DK1,400000,test,-100.0,-112.94053124999974,True,True,12.940531249999742,4.0659373505499765,0.15064562410329985,4182,-37.11046971874677,-41.75418259374628,3.9880794389758463,4.643712874999506,0.6,0.6,4.085880779518533,4.11482613679786,4.169755445166221,4.239778372181887,4.388708444784104,4.647783721818876,4.13364539549102,3.0792892625143296,1479.2,3.9880794389758463,-37.11046971874677,-41.75418259374628,4.643712874999508,0.10613297669086741
LL,NE,PPO,0,DK2,400000,test,-100.0,-161.5624865624955,True,True,61.56248656249553,4.175096030729834,0.1336427656850192,12496,-45.90454010937377,-63.39875776562236,3.9820204082507487,17.494217656248587,0.8,0.8,3.6795949560565533,3.700993504012228,3.7214367596484523,3.753247993886129,3.8477264042797095,4.0560756591517,4.350592281238058,4.513756209400077,1452.4,3.9820204082507487,-45.90454010937377,-63.39875776562236,17.494217656248594,-0.5973442873519295
LL,NE,PPO,1,DK1,400000,test,-100.0,-116.87378750000038,True,True,16.873787500000358,3.3940092165898617,0.12574061882817644,6076,-36.68361529687504,-44.83751226562498,3.204986499180601,8.153896968749946,0.7,0.7,4.32393962552541,4.2880206343141,4.2671952617500954,4.208731371799771,4.07642338555598,3.8895682078716085,3.511845624761177,2.7981467329002676,1643.4,3.204986499180601,-36.68361529687504,-44.83751226562498,8.15389696874994,0.6968857470385936
LL,NE,PPO,1,DK2,400000,test,-100.0,-130.00025249999624,True,True,30.00025249999623,4.460110584518167,0.23736176935229067,17724,-7.234277468753658,-23.133112062502725,4.135110305859824,15.898834593749068,0.75,0.75,6.196121513183034,6.153133358807795,6.104413450515858,6.004680932365304,5.787734046618265,5.453859380970577,4.6830340084065725,3.0679212839128773,1566.3,4.135110305859824,-7.234277468753658,-23.133112062502725,15.898834593749068,1.3216469239587312
LL,NE,PPO,2,DK1,400000,test,-100.0,-108.49639687499995,True,True,8.496396874999954,6.006230529595015,0.27165109034267915,1605,-11.542778734373915,-15.030368624998932,5.790779833354962,3.4875898906250162,0.5,0.5,7.102407336645014,7.067061520825373,7.049102025219717,6.994077187619411,6.777034772640428,6.402464654184181,5.631161635460451,4.13612915552159,1481.0,5.790779833354962,-11.542778734373915,-15.030368624998932,3.487589890625017,1.3629155521589604
LL,NE,PPO,2,DK2,400000,test,-100.0,-102.54341249999975,True,True,2.543412499999737,6.149163657099411,0.3335867705759361,5261,-31.92471209375079,-38.15897867187557,5.6720148474092476,6.2342665781247755,0.75,0.75,6.7224875811998475,6.717520061138709,6.688956820787161,6.61539931218953,6.500095529231945,6.274646541841803,5.918035918991212,5.151222774168896,1491.7,5.6720148474092476,-31.92471209375079,-38.15897867187557,6.234266578124782,0.6973633931983185
LL,NE,PPO,3,DK1,400000,test,-100.0,-104.16821812499715,True,True,4.1682181249971535,3.2074976618518134,0.05621947417645225,9623,12.788106140630603,11.806729109381212,3.013074314881451,0.9813770312493914,0.3,0.3,3.5277034772640428,3.5213030187237293,3.514998089415361,3.4794612151318303,3.392911730989683,3.2720672525792893,2.997325181505541,2.8483951089033246,1456.0,3.013074314881451,12.788106140630603,11.806729109381212,0.9813770312493908,0.48213603362628943
LL,NE,PPO,3,DK2,400000,test,-100.0,-101.99420937499993,True,True,1.9942093749999217,6.504987980769231,0.3507211538461538,4160,20.624919640624714,13.55932042187457,6.722941171350944,7.065599218750148,0.55,0.55,6.841134887275507,6.841230416507451,6.841994650363011,6.841803591899121,6.790504394344669,6.77053878486817,6.734715322888804,6.792606037447459,1478.5,6.722941171350944,20.624919640624714,13.55932042187457,7.065599218750144,0.1070882690103172
LL,NE,PPO,4,DK1,400000,test,-100.0,-101.3417656249994,True,True,1.3417656249993974,2.7271208825357367,0.022218769422001242,6436,-0.43859653124898623,-2.1798023437488996,3.211624427333285,1.7412058124999128,0.25,0.25,2.3631066106228507,2.3828811616354604,2.4081008788689338,2.4475544516622088,2.5433702713030186,2.7826709973251815,3.23118074130684,3.895395491020252,1520.3,3.211624427333285,-0.43859653124898623,-2.1798023437488996,1.7412058124999135,-0.7836262896446313
LL,NE,PPO,4,DK2,400000,test,-100.0,-133.38707093749878,True,True,33.38707093749878,4.5994118117797695,0.19742317541613316,12496,-1.1378759843750017,-7.271309499999731,4.441624250290842,6.133433515624729,0.6,0.6,5.5893198318685515,5.572602216278181,5.569258693160107,5.561902942300344,5.448032097821933,5.260985861673672,4.8365494841421475,3.9748758119984715,1496.1,4.441624250290842,-1.1378759843750017,-7.271309499999731,6.133433515624729,0.7253534581581969
LL,RM,DQN,0,DK1,400000,test,9366.020853125092,9366.020853125092,False,False,0.0,12.048784274386167,0.7220311455049202,20934,,,,,,,11.238536492166602,11.25,11.254680932365304,11.222678639663737,11.247325181505541,11.244077187619412,11.288307222009935,11.444975162399695,940.9,12.048784274386167,9366.020853125092,9366.020853125092,0.0,-0.06562858234619817
LL,RM,DQN,0,DK2,400000,test,11213.574347187625,11213.574347187625,False,False,0.0,15.41026559663705,0.9604948886978122,20934,,,,,,,13.472487581199847,13.50286587695835,13.530664883454337,13.568207871608712,13.703763851738632,13.867023309132595,14.155235001910585,14.591612533435232,950.3,15.41026559663705,11213.574347187625,11213.574347187625,0.0,-0.5870271303018733
LL,RM,DQN,1,DK1,400000,test,9647.782068437567,9647.782068437567,False,False,0.0,12.655452851820005,0.7779210853157543,20934,,,,,,,12.23213603362629,12.213794421092855,12.212074894917844,12.177111196025985,12.165074512800917,12.122468475353458,12.041555215896064,12.04031333588078,927.2,12.655452851820005,9647.782068437567,9647.782068437567,0.0,0.13555598012992043
LL,RM,DQN,1,DK2,400000,test,10649.864810937675,10649.864810937675,False,False,0.0,11.76372169676125,0.7175886118276488,20934,,,,,,,11.491593427588843,11.480416507451281,11.464367596484525,11.452904088651128,11.434275888421856,11.378964463125717,11.252006113870845,11.203095147115016,935.3,11.76372169676125,10649.864810937675,10649.864810937675,0.0,0.2008979747802826
LL,RM,DQN,2,DK1,400000,test,9476.97243812509,9476.97243812509,False,False,0.0,13.13924715773383,0.8138912773478552,20934,,,,,,,12.758311043179212,12.77092090179595,12.782957585021016,12.76977455101261,12.802158960641956,12.82680550248376,12.955483377913641,13.14787925105082,3716.5,13.13924715773383,9476.97243812509,9476.97243812509,0.0,-0.1857088269010312
LL,RM,DQN,2,DK2,400000,test,11323.765488750068,11323.765488750068,False,False,0.0,15.219666571128307,0.9426292156300755,20934,,,,,,,14.280569354222392,14.291937332823844,14.272449369507068,14.322888803974015,14.331486434849063,14.335307604126863,14.547191440580818,15.11444401987008,3843.5,15.219666571128307,11323.765488750068,11323.765488750068,0.0,-0.2243026366068026
LL,RM,DQN,3,DK1,400000,test,9616.248790937558,9616.248790937558,False,False,0.0,13.765214483615171,0.8148466609343652,20934,,,,,,,11.302541077569737,11.303687428353076,11.303687428353076,11.300821551394726,11.357565915170042,11.412017577378679,11.648452426442491,12.118933893771494,1563.0,13.765214483615171,9616.248790937558,9616.248790937558,0.0,-0.3476308750477646
LL,RM,DQN,3,DK2,400000,test,10262.375477187605,10262.375477187605,False,False,0.0,15.126241998662463,0.9423426005541224,20934,,,,,,,13.440962934658005,13.425869316010699,13.428926251432939,13.454719144058082,13.47907909820405,13.4762132212457,13.492930836836072,14.145299961788307,1260.5,15.126241998662463,10262.375477187605,10262.375477187605,0.0,-0.03821169277799008
LL,RM,DQN,4,DK1,400000,test,9889.241559062539,9889.241559062539,False,False,0.0,13.549871023215822,0.8197668864048916,20934,,,,,,,10.789835689721055,10.805884600687811,10.813049293083683,10.822220099350401,10.997038593809705,11.21025983951089,11.704337027130302,12.63001528467711,1715.8,13.549871023215822,9889.241559062539,9889.241559062539,0.0,-0.8821169277799008
LL,RM,DQN,4,DK2,400000,test,10547.226097812592,10547.226097812592,False,False,0.0,13.628678226808063,0.8416451705359702,20934,,,,,,,10.191345051585785,10.197936568589988,10.197936568589988,10.285918991211311,10.379824226213222,10.625143293847918,11.126671761559036,11.988823079862438,2067.4,13.628678226808063,10547.226097812592,10547.226097812592,0.0,-0.8407527703477253
LL,RM,PPO,0,DK1,400000,test,10023.81189750004,10023.81189750004,False,False,0.0,12.32539170727047,0.7147702302474443,20934,,,,,,,11.992739778372181,12.007833397019487,12.012418800152847,12.02474207107375,12.09524264424914,12.183225066870463,12.259743981658387,12.416029805120367,1401.7,12.32539170727047,10023.81189750004,10023.81189750004,0.0,-0.23500191058463749
LL,RM,PPO,0,DK2,400000,test,10297.15856562505,10297.15856562505,False,False,0.0,13.29429397152957,0.8180949651284991,20934,,,,,,,13.028658769583492,13.01748184944593,13.025601834161254,13.024264424914024,13.01499808941536,13.113393198318686,13.217329002674818,13.354508979747802,1430.3,13.29429397152957,10297.15856562505,10297.15856562505,0.0,-0.19306457776079355
LL,RM,PPO,1,DK1,400000,test,9656.150058750041,9656.150058750041,False,False,0.0,10.436263972484953,0.6199961784656539,20934,,,,,,,14.302063431410012,14.309801299197554,14.300248376003056,14.320596102407336,14.301299197554451,14.224493695070692,14.021589606419564,13.252006113870845,3863.5,10.436263972484953,9656.150058750041,9656.150058750041,0.0,0.29900649598777207
LL,RM,PPO,1,DK2,400000,test,10737.017466249985,10737.017466249985,False,False,0.0,13.273179994267698,0.7730486290245534,20934,,,,,,,14.449178448605274,14.46274359954146,14.4638899503248,14.451566679403898,14.475640045854032,14.438383645395492,14.376767290790982,14.15494841421475,3890.7,13.273179994267698,10737.017466249985,10737.017466249985,0.0,0.07479938861291657
LL,RM,PPO,2,DK1,400000,test,10152.813366250111,10152.813366250111,False,False,0.0,13.394250979268175,0.825069265310022,20934,,,,,,,13.979461215131831,13.973729461215132,13.973729461215132,13.983568972105465,13.992548719908292,14.017768437141765,13.991880015284677,13.982231562858235,2591.4,13.394250979268175,10152.813366250111,10152.813366250111,0.0,-0.008311043179212163
LL,RM,PPO,2,DK2,400000,test,10354.712171875053,10354.712171875053,False,False,0.0,10.5502054074711,0.6486576860609534,20934,,,,,,,13.657050057317539,13.64787925105082,13.65036301108139,13.654279709591135,13.653324417271685,13.614921666029804,13.59677111196026,13.313813526939244,2591.0,10.5502054074711,10354.712171875053,10354.712171875053,0.0,0.0575085976308749
LL,RM,PPO,3,DK1,400000,test,10174.13795125003,10174.13795125003,False,False,0.0,12.141743097353588,0.7215056845323398,20934,,,,,,,12.567539166985098,12.567539166985098,12.564673290026748,12.554069545280855,12.556744363775316,12.531715705005732,12.57527703477264,12.567252579289262,1979.2,12.141743097353588,10174.13795125003,10174.13795125003,0.0,-0.021207489491784415
LL,RM,PPO,3,DK2,400000,test,10711.117676874954,10711.117676874954,False,False,0.0,11.911173211044234,0.736744052737174,20934,,,,,,,14.039835689721055,14.034103935804357,14.037542988154375,14.030091708062667,14.013183034008406,13.92453190676347,13.810661062285059,13.447936568589988,2145.6,11.911173211044234,10711.117676874954,10711.117676874954,0.0,0.2194306457776083
LL,RM,PPO,4,DK1,400000,test,9597.755713125003,9597.755713125003,False,False,0.0,11.884601605044425,0.6713002770612401,20934,,,,,,,12.720863584256783,12.740638135269393,12.765762323270922,12.793179212839128,12.880397401604892,13.059419182269774,13.24751623996943,13.278563240351547,2639.5,11.884601605044425,9597.755713125003,9597.755713125003,0.0,-0.4543370271303022
LL,RM,PPO,4,DK2,400000,test,10393.720669687602,10393.720669687602,False,False,0.0,12.419938855450463,0.7630648705455241,20934,,,,,,,14.642720672525792,14.641287734046617,14.63555598012992,14.628391287734047,14.607756973633933,14.548242262132213,14.428257546809323,14.067348108521207,2610.2,12.419938855450463,10393.720669687602,10393.720669687602,0.0,0.20013374092472347
ZF,NE,DQN,0,DK1,400000,test,49.40470781249926,-479.24195593749823,False,True,528.6466637500002,10.072059807012515,0.5951562052163943,20934,100.13451692187405,-84.14732326562596,10.294560284704309,184.28184018750053,0.7,0.0,10.161157814291172,10.141001146350783,10.146159724875812,10.112437905999236,9.952808559419182,9.859954145968667,9.936664119220481,10.343618647306076,1132.0,10.294560284704309,100.13451692187405,-84.14732326562596,184.2818401875,0.17577378677875544
ZF,NE,DQN,0,DK2,400000,test,281.08383218750316,131.48771031250016,False,True,149.5961218750035,9.381054743479506,0.5235024362281456,20934,123.3338319531251,-77.70241215625029,9.050323039075186,201.03624410937587,0.9,0.0,9.092949942682461,9.068589988536493,9.050248376003056,8.99465036301108,8.988536492166602,8.908482995796714,8.856132976690867,9.15915170042033,1127.0,9.050323039075186,123.3338319531251,-77.70241215625029,201.0362441093754,0.13851738632021338
ZF,NE,DQN,1,DK1,400000,test,458.7426575000001,458.7426575000001,False,False,0.0,8.942378427438616,0.5174835196331327,20934,132.78237025000016,-9.989469921875273,9.158435439954141,142.77184017187588,0.7,0.0,9.784390523500191,9.708158196408101,9.676729079098203,9.661157814291172,9.659247229652273,9.426346962170424,9.114826136797861,9.146923958731373,1185.6,9.158435439954141,132.78237025000016,-9.989469921875273,142.77184017187543,0.5463316774933116
ZF,NE,DQN,1,DK2,400000,test,310.59032281248847,310.59032281248847,False,False,0.0,7.436789433457533,0.44625967325881344,20934,77.57663951562338,-86.35292284375168,6.817027323970573,163.92956235937538,0.75,0.0,7.416794038975927,7.400649598777226,7.355750859763088,7.297191440580818,7.150840657241115,6.856132976690867,6.613584256782575,6.4777416889568205,1194.1,6.817027323970573,77.57663951562338,-86.35292284375168,163.92956235937507,0.6836071837982427
ZF,NE,DQN,2,DK1,400000,test,61.8181253124997,-429.47947593749996,False,True,491.29760125000087,9.54315945352059,0.5533104041272571,20934,121.3525727500001,-45.5940797812503,9.336180376421131,166.94665253125072,0.85,0.0,10.247038593809705,10.231085212074895,10.185422239205197,10.081008788689338,9.840657241115782,9.65036301108139,9.163641574321742,8.932269774551013,1009.9,9.336180376421131,121.3525727500001,-45.5940797812503,166.9466525312504,0.9173672143675962
ZF,NE,DQN,2,DK2,400000,test,-27.421950312499956,-199.3340065625011,False,True,171.9120562500012,9.806749785038694,0.5623865481991019,20934,283.1463658749978,89.00145281249806,9.602396221457916,194.14491306250045,0.85,0.0,9.861864730607566,9.861100496752005,9.867692013756209,9.866832250668704,9.873805884600689,9.775028658769584,9.789835689721055,9.917940389759266,1010.2,9.602396221457916,283.1463658749978,89.00145281249806,194.14491306249974,0.07699656094764862
ZF,NE,DQN,3,DK1,400000,test,-14.911906562500278,-675.380301250002,False,True,660.4683946875019,10.136369064679469,0.6041368109295883,20934,84.10725814062498,-72.76202873437502,9.810715224037454,156.8692868750004,0.8,0.0,10.805980129919755,10.725353458158196,10.648261367978602,10.534294994268246,9.983855559801299,9.482613679786015,9.163450515857852,10.123328238440964,1015.8,9.810715224037454,84.10725814062498,-72.76202873437502,156.869286875,1.370844478410394
ZF,NE,DQN,3,DK2,400000,test,-9.68267375000018,-411.8463537500011,False,True,402.1636800000013,9.898765166714435,0.5759052259482182,20934,111.02915856249987,-158.271578187501,9.194603276965703,269.3007367500014,0.95,0.0,9.582919373328238,9.590179594956057,9.637944210928545,9.628104700038211,9.760317157050057,9.913737103553688,10.09486052732136,9.446885747038595,1013.4,9.194603276965703,111.02915856249987,-158.271578187501,269.30073675000085,-0.46675582728314957
ZF,NE,DQN,4,DK1,400000,test,48.56677187499936,-215.37484343750276,False,True,263.9416153125025,11.446629884398586,0.6640871309830897,20934,119.14040112500035,-74.27926654687539,11.59615637240852,193.41966767187614,0.85,0.0,11.727932747420711,11.67319449751624,11.571073748567061,11.473729461215132,11.19220481467329,10.718761941153993,10.54203286205579,12.408482995796714,1054.9,11.59615637240852,119.14040112500035,-74.27926654687539,193.41966767187574,0.9316965991593431
ZF,NE,DQN,4,DK2,400000,test,-14.151533749999412,-77.72497781250235,False,True,63.57344406250306,7.570841692939715,0.37823636189930254,20934,144.06092524999812,-26.805244265626676,7.7547201920321,170.8661695156256,0.75,0.0,8.072506687046236,7.978410393580436,7.890619029423004,7.803496369889186,7.487294612151318,7.121704241497898,6.832919373328238,7.662017577378678,1054.1,7.7547201920321,144.06092524999812,-26.805244265626676,170.8661695156248,0.9705769965609479
ZF,NE,PPO,0,DK1,400000,test,208.16037281251377,208.16037281251377,False,False,0.0,1.2024577242762968,0.043087799751600264,20934,36.810621875004394,-15.286444859368695,3.6773723368682534,52.09706673437311,0.6,0.0,7.088460068781047,7.05722200993504,6.9596866641192205,6.781142529614062,6.330340084065724,5.487103553687429,4.0458540313335885,1.7591708062667175,1457.7,3.6773723368682534,36.810621875004394,-15.286444859368695,52.09706673437309,2.7352884982804735
ZF,NE,PPO,0,DK2,400000,test,54.20694374999795,34.620103124997634,False,True,19.586840625000367,5.567832234642209,0.31900257953568356,20934,72.35245942187522,-143.4620739375003,5.630377615362568,215.81453335937618,0.95,0.0,6.84715322888804,6.823270920901796,6.780855941918227,6.719526175009553,6.530760412686282,6.238536492166603,5.762800917080627,5.050152846771112,1471.1,5.630377615362568,72.35245942187522,-143.4620739375003,215.8145333593755,0.9567252579289258
ZF,NE,PPO,1,DK1,400000,test,-71.52710937500008,-291.1656443749969,False,True,219.63853499999695,7.27727620139486,0.36299799369446833,20934,44.07738001562555,-73.45088889062384,7.351456959969428,117.52826890624961,0.6,0.0,8.339033244172716,8.33081773022545,8.324703859380971,8.305406954528086,8.224780282766526,8.049484142147497,7.694401987008025,6.784103935804356,1499.0,7.351456959969428,44.07738001562555,-73.45088889062384,117.5282689062494,0.6110049675200617
ZF,NE,PPO,1,DK2,400000,test,-73.45235124999998,-311.948984374996,False,True,238.49663312499612,2.269621190407949,0.07776822394191268,20934,80.5924442187496,-25.33553993749942,2.0415203735549823,105.92798415624927,0.6,0.0,4.195834925487199,4.137753152464654,4.043561329766908,3.8942491402369126,3.5087886893389375,2.9282575468093235,2.2219144058081772,1.4042797095911348,1494.6,2.0415203735549823,80.5924442187496,-25.33553993749942,105.92798415624902,1.6723347344287354
ZF,NE,PPO,2,DK1,400000,test,52.138709062503885,52.138709062503885,False,False,0.0,3.624677558039553,0.07356453616126875,20934,48.773509812504216,12.875727906255241,3.5905327457724274,35.897781906249094,0.4,0.0,4.606897210546427,4.590561711883836,4.568016813144823,4.542128391287734,4.36730989682843,3.967997707298433,3.50076423385556,3.066679403897593,1500.6,3.5905327457724274,48.773509812504216,12.875727906255241,35.89778190624897,1.0413641574321737
ZF,NE,PPO,2,DK2,400000,test,-83.673581875,-447.488949374997,False,True,363.81536749999725,3.688950988822012,0.13690646794688066,20934,125.99850162499868,22.59560529687524,3.4200391707270477,103.40289632812463,0.65,0.0,4.579480320978219,4.578811616354605,4.535918991211311,4.476977455101261,4.271589606419564,4.054738249904471,3.50076423385556,2.985192969048529,1508.8,3.4200391707270477,125.99850162499868,22.59560529687524,103.40289632812343,0.9762132212457013
ZF,NE,PPO,3,DK1,400000,test,-27.933740624999903,-191.24141156249647,False,True,163.30767093749733,4.868324257189261,0.26898824878188593,20934,54.07668176562902,20.723949203129994,3.0424172398968183,33.352732562499185,0.4,0.0,7.446217042414979,7.381639281620176,7.206534199465036,7.025028658769584,6.369029423003439,5.293561329766908,3.685135651509362,1.5941918226977456,1467.2,3.0424172398968183,54.07668176562902,20.723949203129994,33.35273256249903,3.3398930072602218
ZF,NE,PPO,3,DK2,400000,test,102.85802375000155,-23.74003156249922,False,True,126.59805531250085,4.565312410432789,0.2529855737078437,20934,163.15892943749705,1.3089818281227352,4.6316602178274575,161.84994760937542,0.8,0.0,6.4684753534581585,6.459304547191441,6.411730989682843,6.34638899503248,6.075372564004585,5.682842949942683,5.084543370271303,3.8780091708062665,1470.0,4.6316602178274575,163.15892943749705,1.3089818281227352,161.8499476093743,1.2618456247611762
ZF,NE,PPO,4,DK1,400000,test,9.99819156249826,9.99819156249826,False,False,0.0,2.008920894239037,0.04743479507022069,20934,8.457444999998673,-20.244852640626572,2.121348643355307,28.702297640625282,0.4,0.0,3.9910202521971723,3.9202330913259456,3.819736339319832,3.6985097439816585,3.343427588842186,2.6876194115399312,1.8088460068781047,0.8209782193351165,1490.6,2.121348643355307,8.457444999998673,-20.244852640626572,28.702297640625247,1.8896637371035538
ZF,NE,PPO,4,DK2,400000,test,-54.37695625000334,-54.37695625000334,False,False,0.0,6.80776488009936,0.3888888888888889,20934,68.0482836562505,-119.79446499999911,6.919336963790963,187.8427486562504,0.65,0.0,7.930741306839893,7.916316392816202,7.895204432556362,7.841421474971341,7.792414978983569,7.666125334352312,7.335498662590752,6.505731753916699,1474.2,6.919336963790963,68.0482836562505,-119.79446499999911,187.84274865624963,0.5059228123805886
ZF,RM,DQN,0,DK1,400000,test,9454.525914374997,9454.525914374997,False,False,0.0,10.390047291487532,0.6231489443011369,20934,,,,,,,11.486148261367978,11.490924722965227,11.500095529231945,11.48653037829576,11.476499808941536,11.397688192586932,11.271398547955675,11.07393962552541,947.4,10.390047291487532,9454.525914374997,9454.525914374997,0.0,0.2151318303400842
ZF,RM,DQN,0,DK2,400000,test,10538.13017750003,10538.13017750003,False,False,0.0,12.75148084455909,0.762969332186873,20934,,,,,,,11.378200229270156,11.378486816965992,11.373137179977073,11.400171952617502,11.412017577378679,11.50534963698892,11.630492930836835,11.956725257928927,942.0,12.75148084455909,10538.13017750003,10538.13017750003,0.0,-0.23032097821933384
ZF,RM,DQN,1,DK1,400000,test,9338.558222812537,9338.558222812537,False,False,0.0,11.925097926817617,0.7256616031336581,20934,,,,,,,11.021111960259839,11.002006113870845,10.991306839893006,10.967997707298434,10.93991211310661,10.837600305693542,10.706056553305311,10.787734046618265,963.4,11.925097926817617,9338.558222812537,9338.558222812537,0.0,0.26194115399312246
ZF,RM,DQN,1,DK2,400000,test,10725.235173750125,10725.235173750125,False,False,0.0,13.52362185917646,0.8319480271328938,20934,,,,,,,12.830340084065725,12.828047382499046,12.82336645013374,12.819163163928161,12.795089797478028,12.696981276270538,12.571455865494842,12.738440962934659,982.0,13.52362185917646,10725.235173750125,10725.235173750125,0.0,0.24770729843331907
ZF,RM,DQN,2,DK1,400000,test,9386.187481562589,9386.187481562589,False,False,0.0,11.75642495461928,0.7258526798509601,20934,,,,,,,11.560374474589224,11.538307222009935,11.523500191058464,11.460068781047001,11.305598012991975,11.127053878486818,10.839797478028277,10.818972105464272,1649.2,11.75642495461928,9386.187481562589,9386.187481562589,0.0,0.6202713030187237
ZF,RM,DQN,2,DK2,400000,test,11375.661815312611,11375.661815312611,False,False,0.0,15.463241616509029,0.9641731155058756,20934,,,,,,,12.394822315628582,12.393389377149408,12.397974780282766,12.40284677111196,12.453286205578907,12.573079862437906,12.918704623614826,13.5779518532671,1707.2,15.463241616509029,11375.661815312611,11375.661815312611,0.0,-0.5158578525028652
ZF,RM,DQN,3,DK1,400000,test,9207.513973750054,9207.513973750054,False,False,0.0,14.911686729721984,0.9163083978217255,20934,,,,,,,13.510412686282002,13.515093618647306,13.519679021780664,13.502388230798624,13.445070691631638,13.462265953381735,13.57527703477264,13.90437523882308,1241.9,14.911686729721984,9207.513973750054,9207.513973750054,0.0,-0.0728888039740152
ZF,RM,DQN,3,DK2,400000,test,11056.960283750035,11056.960283750035,False,False,0.0,13.592242285277539,0.8268844941243909,20934,,,,,,,12.932174245319068,12.912399694306458,12.842949942682461,12.792797095911348,12.732231562858235,12.546140619029423,12.33119984715323,12.362628964463125,1217.7,13.592242285277539,11056.960283750035,11056.960283750035,0.0,0.46159724875811925
ZF,RM,DQN,4,DK1,400000,test,9525.97986531256,9525.97986531256,False,False,0.0,13.25460972580491,0.8203878857361231,20934,,,,,,,11.874570118456248,11.882021398547955,11.888135269392434,11.931792128391288,12.022544898739014,12.165838746656476,12.36635460450898,13.04107756973634,2090.5,13.25460972580491,9525.97986531256,9525.97986531256,0.0,-0.4345624761176907
ZF,RM,DQN,4,DK2,400000,test,10745.52573843764,10745.52573843764,False,False,0.0,13.544891086271138,0.8320435654915449,20934,,,,,,,12.345720290408865,12.343427588842186,12.336549484142148,12.338842185708828,12.32661444401987,12.331677493312954,12.335498662590753,12.530187237294612,2074.4,13.544891086271138,10745.52573843764,10745.52573843764,0.0,0.0033435231180742875
ZF,RM,PPO,0,DK1,400000,test,10230.850439687632,10230.850439687632,False,False,0.0,13.161603133658163,0.8109773574089997,20934,,,,,,,13.40380206343141,13.393198318685517,13.387371035536875,13.395013374092473,13.470863584256783,13.523882307986243,13.646923958731373,13.80779518532671,1412.8,13.161603133658163,10230.850439687632,10230.850439687632,0.0,-0.2519105846388996
ZF,RM,PPO,0,DK2,400000,test,10949.853674687369,10949.853674687369,False,False,0.0,10.188568835387407,0.52632081780835,20934,,,,,,,14.539071455865495,14.527894535727933,14.529327474207108,14.500668704623616,14.394153611004967,14.302923194497517,13.897592663354986,13.01843714176538,1411.3,10.188568835387407,10949.853674687369,10949.853674687369,0.0,0.6030760412686291
ZF,RM,PPO,1,DK1,400000,test,10100.507699375088,10100.507699375088,False,False,0.0,11.997026368586988,0.7370784369924525,20934,,,,,,,14.124856706152082,14.1340275124188,14.147783721818877,14.127149407718761,14.094191822697745,14.061807413068399,13.97927015666794,13.582346197936568,3881.1,11.997026368586988,10100.507699375088,10100.507699375088,0.0,0.14787925105082067
ZF,RM,PPO,1,DK2,400000,test,11103.582129375054,11103.582129375054,False,False,0.0,11.838492404700487,0.7075093149899685,20934,,,,,,,13.782002292701566,13.782002292701566,13.777416889568208,13.77321360336263,13.78782957585021,13.727072984333207,13.614921666029804,13.145204432556362,3892.9,11.838492404700487,11103.582129375054,11103.582129375054,0.0,0.15829193733282487
ZF,RM,PPO,2,DK1,400000,test,10216.685408750063,10216.685408750063,False,False,0.0,13.136357122384638,0.7720932454380434,20934,,,,,,,15.09581581964081,15.067157050057318,15.0579862437906,15.030473824990446,14.970290408865113,14.888612915552159,14.659056171188384,14.179881543752389,2610.8,13.136357122384638,10216.685408750063,10216.685408750063,0.0,0.3714176538020624
ZF,RM,PPO,2,DK2,400000,test,11188.487874375152,11188.487874375152,False,False,0.0,15.425193465176267,0.9630744243813891,20934,,,,,,,14.831295376385174,14.831295376385174,14.847917462743599,14.876289644631257,14.901222774168895,15.00210164310279,15.136797860145204,15.181792128391288,2417.5,15.425193465176267,11188.487874375152,11188.487874375152,0.0,-0.26050821551394776
ZF,RM,PPO,3,DK1,400000,test,10100.288960312577,10100.288960312577,False,False,0.0,14.974945065443775,0.9348906085793446,20934,,,,,,,13.582441727168513,13.587409247229653,13.620557890714558,13.680263660680168,13.764042797095911,13.997038593809705,14.303305311425296,14.61635460450898,2161.2,14.974945065443775,10100.288960312577,10100.288960312577,0.0,-0.6230416507451277
ZF,RM,PPO,3,DK2,400000,test,10340.76176062497,10340.76176062497,False,False,0.0,11.390513040985956,0.7016814751122575,20934,,,,,,,14.466469239587314,14.448987390141383,14.41975544516622,14.40170042032862,14.34237676729079,14.188479174627435,13.976690867405425,13.438765762323271,2214.6,11.390513040985956,10340.76176062497,10340.76176062497,0.0,0.42500955292319453
ZF,RM,PPO,4,DK1,400000,test,9904.15654687512,9904.15654687512,False,False,0.0,12.764569599694278,0.7886691506639916,20934,,,,,,,12.934562476117692,12.934562476117692,12.970385938097058,13.002961406190295,13.137753152464654,13.287542988154375,13.532288880397402,13.647401604891098,2556.1,12.764569599694278,9904.15654687512,9904.15654687512,0.0,-0.5293274742071077
ZF,RM,PPO,4,DK2,400000,test,10170.642850625145,10170.642850625145,False,False,0.0,9.456577815993121,0.5419891086271138,20934,,,,,,,15.140523500191058,15.13632021398548,15.125429881543752,15.125143293847918,15.001432938479175,14.862246847535346,14.49942682460833,13.243408482995797,2555.2,9.456577815993121,10170.642850625145,10170.642850625145,0.0,0.6257164692395882
